,dprice_MA_t_1,d2,d6,d8,d12,d17,d22,d23,d29,d36,d58,d66,d67,d69,d93,dprice_MA_t
2017/9/18,-96.8928,0,-1,12,14,22,-4,4,-1,18,4,8,7,4,4,-94.59518
2017/9/19,-94.59518,-2,0,-3,-8,-9,2,-4,-6,-16,-5,-5,-11,-5,-7,26.40908
2017/9/20,26.40908,3,-1,-4,0,-4,-1,-4,18,14,-7,-6,4,2,-1,124.75668
2017/9/21,124.75668,-6,5,16,8,-3,5,2,-8,-4,9,7,0,0,4,40.65928
2017/9/22,40.65928,3,3,-16,-6,10,4,5,23,17,1,7,0,3,-3,-20.94558
2017/9/23,-20.94558,2,-7,9,-5,-6,-7,-5,-17,-13,-1,0,-2,-2,3,-21.71164
2017/9/24,-21.71164,-1,4,14,-2,-7,-4,2,-17,-16,-12,-5,-1,1,-5,-63.38594
2017/9/25,-63.38594,1,0,-23,1,3,5,-1,10,-4,0,-6,-1,-2,4,-48.07454
2017/9/26,-48.07454,1,-1,43,1,7,-1,1,8,30,6,11,7,2,5,-7.00132
2017/9/27,-7.00132,-2,-2,-23,1,-1,-2,4,-7,-14,-1,-7,-5,-6,-9,50.28186
2017/9/28,50.28186,-4,5,-15,4,-2,4,4,9,4,5,5,-3,10,3,113.0105
2017/9/29,113.0105,0,-4,8,-5,-8,-2,-6,-26,-8,-6,-2,0,-1,-2,85.12044
2017/9/30,85.12044,7,-1,12,2,-4,1,3,34,25,18,10,2,1,7,98.10682
2017/10/1,98.10682,-6,0,-6,-2,7,-3,-10,-22,-38,-15,-23,3,-8,-6,78.56268
2017/10/2,78.56268,5,1,11,5,8,3,2,10,35,-6,13,1,9,2,90.08312
2017/10/3,90.08312,-4,2,-29,1,2,-1,11,-19,-21,2,-16,1,-7,-5,36.86576
2017/10/4,36.86576,1,-1,2,-5,-12,0,-6,34,-2,9,21,-5,1,9,18.2635
2017/10/5,18.2635,2,-3,0,1,-1,1,-4,-8,26,-13,-13,1,2,-3,6.32006
2017/10/6,6.32006,-1,2,1,-2,5,-2,7,-13,-36,4,4,-1,-2,-1,0.69672
2017/10/7,0.69672,-1,-2,-8,2,0,-2,-7,-15,-8,-6,-11,0,-4,-4,-3.02394
2017/10/8,-3.02394,-1,0,2,-3,-11,-1,-3,1,9,2,0,-2,6,2,-2.13844
2017/10/9,-2.13844,2,6,42,-1,16,2,3,14,15,13,8,5,1,6,61.79484
2017/10/10,61.79484,-2,-5,-19,7,-5,8,-1,8,4,0,5,-2,1,-5,110.55854
2017/10/11,110.55854,1,-1,9,-7,-5,-7,6,-16,-24,-12,-13,-4,1,2,88.68558
2017/10/12,88.68558,-1,-1,-19,1,10,2,-7,4,-6,-7,4,7,-6,-4,94.77648
2017/10/13,94.77648,2,0,-1,3,-1,1,1,-5,22,7,-5,-6,-2,-2,189.7878
2017/10/14,189.7878,2,4,15,-3,-7,-4,1,2,-5,1,10,1,1,4,192.30514
2017/10/15,192.30514,-5,2,1,-2,-2,2,4,4,-4,0,-6,0,1,-2,192.2942
2017/10/16,192.2942,-1,-4,-24,2,-1,-1,-4,0,-2,-4,0,0,-1,1,173.00634
2017/10/17,173.00634,7,2,9,3,-3,0,3,-8,1,2,3,0,1,2,178.34402
2017/10/18,178.34402,-4,-2,3,3,22,-2,-1,35,19,6,2,2,0,0,55.71646
2017/10/19,55.71646,0,5,-18,-2,-11,3,28,-25,-7,2,1,2,3,-1,-3.52608
2017/10/20,-3.52608,15,3,41,1,21,4,-22,21,39,6,9,1,-3,5,-2.36104
2017/10/21,-2.36104,-11,-6,11,-2,-17,-7,-5,-22,-32,-8,-4,-3,0,-4,66.42964
2017/10/22,66.42964,-2,-4,-36,-2,-15,-1,-4,-11,-16,-8,-17,-3,0,-4,61.83316
2017/10/23,61.83316,0,2,-17,1,17,3,0,8,2,5,6,1,-4,10,75.89432
2017/10/24,75.89432,2,5,1,6,-13,-1,4,28,18,4,17,2,2,-8,65.98074
2017/10/25,65.98074,-5,-4,-1,-6,12,2,4,-12,-24,-1,-13,3,1,1,-44.36116
2017/10/26,-44.36116,-1,-1,7,2,-6,-1,-7,-16,-4,-4,-7,-7,0,-3,-61.96746
2017/10/27,-61.96746,6,0,-1,-2,-4,-3,0,-5,-9,0,-6,1,-4,-1,-25.44664
2017/10/28,-25.44664,-1,-1,-5,6,-4,0,4,16,23,3,8,2,5,5,-42.1359
2017/10/29,-42.1359,-4,-2,4,-10,-7,3,-6,-25,-23,-9,-8,-3,-4,-6,-19.87656
2017/10/30,-19.87656,-1,4,-4,2,4,-2,1,4,-3,5,3,3,-1,1,129.92128
2017/10/31,129.92128,2,-1,17,1,9,-1,3,5,31,6,5,4,2,2,87.25036
2017/11/1,87.25036,-3,-3,-10,-2,-9,3,-3,-6,-27,-9,-1,-7,2,0,99.10136
2017/11/2,99.10136,3,7,96,20,15,3,5,47,65,28,20,7,4,2,178.56034
2017/11/3,178.56034,6,1,-27,-15,-2,-3,-3,-24,-8,-13,0,-4,-2,-1,258.26462
2017/11/4,258.26462,-6,-6,-54,0,1,6,-1,-14,-15,-12,-10,-1,-1,0,208.4572
2017/11/5,208.4572,0,0,-11,-3,-17,-3,-1,-6,-45,-6,-15,0,-2,-3,266.33382
2017/11/6,266.33382,2,2,-2,4,6,-2,5,18,23,5,7,1,1,0,197.67346
2017/11/7,197.67346,1,6,2,-3,0,0,12,-8,0,3,9,-1,3,3,64.75302
2017/11/8,64.75302,-2,-8,43,3,10,2,-4,1,29,6,2,2,4,3,4.82146
2017/11/9,4.82146,-3,-1,-54,-3,8,-6,-13,-8,-41,-3,-8,-3,-9,-5,43.63166
2017/11/10,43.63166,3,0,-1,4,-13,2,5,17,29,13,10,2,1,-1,-55.90124
2017/11/11,-55.90124,4,6,53,2,-2,0,0,0,9,-5,15,3,5,1,-131.5229
2017/11/12,-131.5229,-1,1,40,5,7,3,0,26,38,5,12,0,3,6,-125.24412
2017/11/13,-125.24412,0,-6,-57,-11,24,-2,-2,-29,-56,-6,-15,4,-10,-3,-275.16514
2017/11/14,-275.16514,-5,1,-14,2,-9,5,1,-2,7,-7,-16,-4,10,-3,-173.13014
2017/11/15,-173.13014,4,2,-7,-3,-19,-5,4,5,-6,0,9,0,-7,0,-104.52488
2017/11/16,-104.52488,-1,-2,25,2,3,0,-7,-15,-8,1,0,-4,6,2,116.40642
2017/11/17,116.40642,2,0,-33,-2,-11,-4,0,18,7,4,-15,-2,-4,3,290.43594
2017/11/18,290.43594,-1,-2,16,3,-4,1,-1,-12,-19,-17,-7,4,-5,-6,414.11658
2017/11/19,414.11658,-4,3,-19,-6,2,0,0,-10,-7,5,4,-1,1,1,253.38258
2017/11/20,253.38258,0,-3,11,7,8,9,5,17,28,5,3,1,4,1,274.4483
2017/11/21,274.4483,3,2,-9,-2,-6,-8,-5,-9,-24,-3,-7,0,-4,1,190.83338
2017/11/22,190.83338,-5,1,-6,-4,10,6,3,4,9,9,8,-2,4,-1,48.95386
2017/11/23,48.95386,5,0,13,5,-4,-6,-2,-11,-2,-4,2,1,-4,1,96.23012
2017/11/24,96.23012,-2,1,18,-4,-5,0,1,9,15,7,-5,0,3,0,66.36192
2017/11/25,66.36192,1,-1,-24,0,-2,4,-2,-2,-12,-2,0,2,-1,-2,48.66484
2017/11/26,48.66484,-2,-2,-6,5,12,1,-2,11,-5,-6,3,-2,2,2,90.36208
2017/11/27,90.36208,0,2,15,0,-2,-5,8,-11,3,-5,-7,7,-1,1,244.86874
2017/11/28,244.86874,4,-2,-8,-2,11,5,0,13,16,13,11,-4,0,6,290.052
2017/11/29,290.052,2,11,-1,-2,-17,0,-1,-7,17,-4,5,-4,3,1,360.71176
2017/11/30,360.71176,2,-10,-4,5,1,4,-2,14,-1,8,-4,0,6,-4,325.67
2017/12/1,325.67,-3,12,4,-4,7,-7,0,-8,-14,-10,2,4,-8,-1,287.99296
2017/12/2,287.99296,17,-14,200,5,-13,-1,3,-6,7,-5,12,-2,2,0,319.95366
2017/12/3,319.95366,-16,5,-164,-7,10,-2,0,4,17,7,-11,-2,-2,3,270.61466
2017/12/4,270.61466,0,5,-31,1,-6,8,-6,8,-22,4,-5,5,3,-1,276.02264
2017/12/5,276.02264,-4,-3,41,3,10,-1,5,-5,17,0,7,4,1,-2,341.10034
2017/12/6,341.10034,-1,-5,21,1,11,-5,-1,10,10,-3,11,-10,1,-3,346.21226
2017/12/7,346.21226,1,4,-67,-2,-13,-2,1,-14,-15,-4,-8,1,-7,-1,531.4136
2017/12/8,531.4136,1,-3,0,2,-1,5,-3,-4,-30,-2,-16,3,1,5,1086.12068
2017/12/9,1086.12068,10,2,70,-1,6,4,11,37,49,19,31,-1,8,0,934.96294
2017/12/10,934.96294,-10,6,-10,-2,-5,1,-11,-2,-1,-9,-1,1,-6,-3,711.60084
2017/12/11,711.60084,1,-10,-24,-2,2,-4,2,-21,-26,-13,-19,-2,-2,2,598.27434
2017/12/12,598.27434,7,7,-22,12,-3,0,-2,8,1,8,2,3,2,-3,644.22734
2017/12/13,644.22734,-5,-8,20,-10,6,0,2,-12,8,-4,-6,4,-3,2,154.88434
2017/12/14,154.88434,-2,0,-27,6,-8,2,-2,28,-10,9,3,-6,8,2,160.186
2017/12/15,160.186,-5,3,-10,-2,-3,-3,-1,-35,-2,-1,-7,1,-8,-3,307.21156
2017/12/16,307.21156,3,-3,-1,-5,-6,-2,3,-17,-10,-13,-6,-2,-1,1,580.419
2017/12/17,580.419,6,15,46,3,10,9,1,40,63,31,54,3,9,13,547.31332
2017/12/18,547.31332,-7,-14,-25,0,-3,-7,-1,-14,-47,-13,-33,-1,-7,-16,402.67832
2017/12/19,402.67832,6,2,-7,4,7,4,3,2,24,-13,-3,1,4,1,430.698
2017/12/20,430.698,16,6,5,20,3,3,1,53,44,43,38,7,1,10,211.64394
2017/12/21,211.64394,-6,0,41,-15,11,1,-3,-16,11,-10,6,-2,8,-3,-349.12566
2017/12/22,-349.12566,-15,-6,-2,-6,-8,-12,-1,-5,-13,11,-13,-6,-5,3,-690.23466
2017/12/23,-690.23466,8,-2,66,-3,9,7,34,-17,1,-15,1,-1,-3,-1,-819.768
2017/12/24,-819.768,-7,8,51,-2,-8,4,-19,11,6,8,10,6,9,-4,-720.319
2017/12/25,-720.319,-1,-8,-173,-4,-21,-10,-19,-51,-100,-33,-55,-6,-15,0,-757.58734
2017/12/26,-757.58734,-3,3,8,7,0,7,4,7,11,-2,0,2,-1,-8,-381.44868
2017/12/27,-381.44868,4,-4,22,-2,4,-3,0,1,23,-4,15,6,4,5,-9.69234
2017/12/28,-9.69234,2,2,90,1,25,4,0,20,36,22,12,5,13,0,79.67532
2017/12/29,79.67532,1,9,-13,5,-4,-4,5,1,12,22,58,-4,-9,1,-195.93602
2017/12/30,-195.93602,-2,-8,-91,-9,-20,7,-4,-20,-44,-45,-76,-7,-3,-3,138.19298
2017/12/31,138.19298,-5,2,57,8,7,-2,-4,23,10,12,19,-1,-3,3,-180.69088
2018/1/1,-180.69088,0,-4,18,-5,-12,-8,3,-24,-35,-8,-20,-5,2,2,-366.69468
2018/1/2,-366.69468,11,5,-6,2,21,1,3,48,69,15,34,9,4,-1,-355.427
2018/1/3,-355.427,-5,7,-2,0,-2,19,-2,-19,-27,-2,-7,-4,5,-4,125.055
2018/1/4,125.055,-3,-12,-42,-2,-10,5,-2,-16,-17,-8,-23,6,-8,-1,82.62434
2018/1/5,82.62434,9,7,-14,4,0,-15,0,16,28,14,16,2,1,5,396.7562
2018/1/6,396.7562,-4,-7,89,-6,4,2,-4,-34,-24,-16,-18,-11,-4,0,601.709
2018/1/7,601.709,-2,4,-86,2,-12,-7,3,18,-12,11,6,6,1,-3,701.40226
2018/1/8,701.40226,3,-5,71,4,20,0,5,13,36,5,7,1,1,2,329.123
2018/1/9,329.123,0,5,-81,-7,-18,-3,-7,-23,-50,-15,-20,-6,-2,-3,42.529
2018/1/10,42.529,6,1,17,9,2,-3,1,9,10,-1,6,3,4,5,-97.02032
2018/1/11,-97.02032,-9,-4,85,-5,15,6,6,11,32,5,26,-4,1,-4,-409.54432
2018/1/12,-409.54432,-3,0,-100,-4,-16,-4,-4,-20,-52,-3,-30,6,-8,-1,-804.48078
2018/1/13,-804.48078,11,7,121,6,26,10,2,38,73,27,50,6,13,2,-547.71792
2018/1/14,-547.71792,-15,-5,-130,-4,-25,-8,-1,-34,-72,-29,-41,-12,-11,-4,-153.22666
2018/1/15,-153.22666,4,-1,19,0,6,-5,-1,10,5,6,4,4,7,2,-172.26666
2018/1/16,-172.26666,2,2,-29,4,-2,5,-1,-14,18,1,1,0,-5,1,-222.84046
2018/1/17,-222.84046,6,-4,16,3,-6,1,0,0,-24,-13,-14,3,3,-3,-423.15914
2018/1/18,-423.15914,-9,15,34,5,16,1,1,28,28,18,22,-3,3,4,-559.18708
2018/1/19,-559.18708,-1,-15,-39,-10,-13,-4,0,-37,-46,-13,-26,-4,-7,-5,-630.87
2018/1/20,-630.87,0,0,0,-6,-4,-4,-3,-9,-1,-16,-3,-1,-4,-1,-486.096
2018/1/21,-486.096,1,0,76,2,0,3,2,13,28,24,33,-1,7,1,-212.28054
2018/1/22,-212.28054,5,0,25,2,11,6,2,8,16,-4,-19,1,-2,2,64.84594
2018/1/23,64.84594,-6,2,-13,4,3,-3,2,-10,-19,-4,-1,4,-1,-2,-114.47066
2018/1/24,-114.47066,8,3,-68,-1,-7,-3,-2,28,21,5,11,-1,-2,8,-24.47186
2018/1/25,-24.47186,1,3,365,18,12,7,11,25,71,32,79,5,6,1,-28.03634
2018/1/26,-28.03634,-9,-3,-330,-12,-14,-5,3,-61,-108,-39,-100,-8,-6,-6,-347.27066
2018/1/27,-347.27066,5,-6,-44,-11,2,-3,-20,9,-4,-6,-2,2,-1,-2,-107.0826
2018/1/28,-107.0826,2,4,-2,10,-2,6,2,10,38,4,18,3,5,4,196.03668
2018/1/29,196.03668,-5,-2,-17,-7,6,-7,8,8,-20,-1,-19,-5,-3,0,108.5292
2018/1/30,108.5292,2,-1,18,2,-2,2,-5,-9,5,17,14,1,3,1,-13.92066
2018/1/31,-13.92066,-2,1,188,0,2,-1,0,-2,11,-6,7,3,-2,-1,-206.07566
2018/2/1,-206.07566,6,1,-199,1,-3,1,3,4,3,-15,-10,-3,-1,-1,-168.96032
2018/2/2,-168.96032,-6,-4,-12,-3,-2,1,-7,-7,-28,10,-13,3,-1,-2,-488.30366
2018/2/3,-488.30366,2,2,0,-2,0,-2,3,-14,8,-8,0,0,-1,1,-572.76166
2018/2/4,-572.76166,-3,0,-4,-2,-3,12,-3,9,-7,10,3,1,0,2,-427.19532
2018/2/5,-427.19532,6,3,16,3,7,7,6,6,30,5,5,3,5,5,-356.68266
2018/2/6,-356.68266,0,5,4,2,22,-10,-2,-2,3,-5,17,-3,2,-5,-657.23934
2018/2/7,-657.23934,-3,-6,-5,-5,-26,-7,1,-14,-39,-7,-20,-3,-5,-5,-279.525
2018/2/8,-279.525,-2,1,30,10,4,12,-4,32,47,0,24,3,9,6,-160.38866
2018/2/9,-160.38866,4,-3,18,-5,13,-9,9,-3,-10,13,-1,3,-6,-4,-167.22834
2018/2/10,-167.22834,-1,1,-57,-5,-17,-3,-6,-8,-17,-16,-7,-1,-3,5,26.97366
2018/2/11,26.97366,-4,1,15,2,-2,2,-2,-17,-13,6,-15,-7,-2,-7,296.21198
2018/2/12,296.21198,2,-3,-10,0,9,-1,1,33,32,12,6,6,7,8,131.56432
2018/2/13,131.56432,0,1,33,-2,-8,-4,-1,-30,-24,-13,-2,-2,-6,-7,142.27698
2018/2/14,142.27698,1,-1,-35,4,1,2,-1,13,17,3,17,0,2,5,71.44616
2018/2/15,71.44616,11,6,180,7,5,1,8,13,61,22,55,0,8,0,159.82332
2018/2/16,159.82332,-14,-4,-105,-10,1,-5,-7,-24,-86,-29,-58,-2,-5,-5,331.45548
2018/2/17,331.45548,2,5,-79,2,-10,4,1,-4,-7,-3,-23,-2,-3,-1,356.74134
2018/2/18,356.74134,-5,-1,-8,2,2,-2,-2,19,21,5,2,0,0,1,406.12968
2018/2/19,406.12968,1,-7,10,0,6,0,-1,-24,-25,-3,-5,2,-4,3,381.10618
2018/2/20,381.10618,-1,5,-9,-4,-10,2,5,13,3,-2,3,0,3,1,355.26636
2018/2/21,355.26636,3,-3,28,0,10,-2,-4,-6,17,5,12,0,-2,-2,282.64756
2018/2/22,282.64756,4,0,14,1,-6,11,-1,9,0,0,2,0,5,10,81.12602
2018/2/23,81.12602,-1,1,-34,-1,-5,-11,0,-5,0,-4,-6,0,8,-10,-182.18398
2018/2/24,-182.18398,-1,-1,-9,5,0,1,2,11,-13,1,-8,3,-7,-1,-68.23632
2018/2/25,-68.23632,-2,0,51,-4,4,1,1,-20,2,6,4,-1,-4,-1,-282.6018
2018/2/26,-282.6018,1,0,-40,3,4,7,1,17,9,6,1,-3,1,3,-338.75968
2018/2/27,-338.75968,3,2,95,0,6,-2,3,-7,22,2,14,3,1,0,-36.83768
2018/2/28,-36.83768,-1,4,52,-1,1,-3,-1,-4,-2,-8,3,-2,-2,7,166.56232
2018/3/1,166.56232,-1,-7,-118,-4,-19,-6,-2,-3,-36,-8,-22,1,-3,-7,41.60966
2018/3/2,41.60966,-2,2,30,5,11,8,3,10,29,8,15,5,2,1,262.28514
2018/3/3,262.28514,2,-2,-35,-4,-6,-3,-5,-10,-22,-8,-4,-6,4,-5,271.84434
2018/3/4,271.84434,-5,2,-27,1,-3,-1,3,-8,-13,-4,-14,-2,-6,0,195.669
2018/3/5,195.669,6,-2,70,0,18,3,-1,19,28,12,20,0,5,5,133.25966
2018/3/6,133.25966,-1,5,49,9,-3,4,9,9,36,-2,10,6,-4,-5,245.07498
2018/3/7,245.07498,-1,0,-69,-7,-1,-5,-8,-3,-46,-3,-10,0,6,2,-49.2367
2018/3/8,-49.2367,0,0,-42,-3,-6,-4,1,-14,-15,-8,-25,-7,-3,0,-187.55142
2018/3/9,-187.55142,2,-3,-5,0,0,0,1,-2,16,5,16,2,-3,-3,-379.56734
2018/3/10,-379.56734,-4,-2,1,0,-9,1,-5,-6,-17,-3,-13,-1,-1,2,-468.18066
2018/3/11,-468.18066,3,0,-11,0,0,6,-1,6,13,2,-3,4,-1,2,-569.90758
2018/3/12,-569.90758,-2,1,20,3,14,-3,3,5,1,3,12,-1,12,-3,-200.3603
2018/3/13,-200.3603,3,4,-4,1,3,-4,3,6,8,2,-6,1,-9,2,-187.0429
2018/3/14,-187.0429,2,2,77,2,3,8,-3,-1,20,22,37,-1,4,1,-54.8823
2018/3/15,-54.8823,-5,-2,-91,-4,-7,-4,4,15,-12,-4,-3,2,0,0,-187.5493
2018/3/16,-187.5493,-1,-2,78,2,-1,-3,-5,-2,5,-10,-20,-4,-1,0,-77.57604
2018/3/17,-77.57604,4,2,-51,-4,-7,4,-4,-14,-17,4,-3,1,-1,-1,-246.19892
2018/3/18,-246.19892,12,3,137,4,7,-1,8,25,68,13,39,5,2,6,-237.83374
2018/3/19,-237.83374,-15,-9,-112,9,-5,-1,1,-23,-56,-24,-41,-6,-4,-6,-196.657
2018/3/20,-196.657,1,4,-53,-11,16,-4,-6,0,-4,-5,-9,0,4,0,52.10032
2018/3/21,52.10032,-3,0,24,-2,-14,4,-2,-13,-8,3,10,2,-4,-1,125.76532
2018/3/22,125.76532,1,-1,-11,5,5,-1,5,11,11,5,-7,-2,2,-2,83.47026
2018/3/23,83.47026,-1,2,56,-2,-8,1,-4,-6,-14,-2,15,0,-1,2,139.34674
2018/3/24,139.34674,2,-4,61,3,1,2,3,10,26,12,47,3,4,4,103.08232
2018/3/25,103.08232,-3,3,-36,-5,-3,1,-4,-11,-4,1,-26,-3,-5,-1,50.069
2018/3/26,50.069,2,5,45,2,5,-1,5,12,31,-8,-18,2,14,1,-73.93034
2018/3/27,-73.93034,2,-4,-95,0,-1,-3,4,7,-25,-3,10,0,-11,4,-150.041
2018/3/28,-150.041,3,1,-12,-1,9,1,-5,4,-21,4,-18,-2,1,-5,-162.84266
2018/3/29,-162.84266,4,4,71,4,-13,4,1,-15,24,-1,20,5,1,0,-145.28932
2018/3/30,-145.28932,-3,-2,-37,-7,3,-1,-2,8,-22,0,-9,-4,-4,-2,-298.01966
2018/3/31,-298.01966,3,-2,98,3,-1,-2,4,2,24,-3,22,12,3,2,-346.95298
2018/4/1,-346.95298,-2,-1,-43,8,0,2,-2,-4,9,14,-10,-11,3,1,-252.41366
2018/4/2,-252.41366,-1,0,-1,-5,15,2,-2,-3,-27,-5,-15,4,3,-2,-216.418
2018/4/3,-216.418,-8,-2,-11,-2,-6,0,0,6,37,0,18,0,-2,1,-184.90634
2018/4/4,-184.90634,4,-1,-92,-2,-5,-7,-2,-19,-58,-13,-36,-5,-7,-2,47.631
2018/4/5,47.631,0,2,-17,0,-3,4,2,19,6,4,7,-3,2,0,-18.954
2018/4/6,-18.954,-3,-4,-1,1,-3,-1,3,-24,-11,-8,-15,2,-5,-1,-21.794
2018/4/7,-21.794,6,5,6,0,-4,-3,-6,10,8,4,3,1,3,2,-38.04566
2018/4/8,-38.04566,-4,-1,-1,-2,5,1,2,1,12,-1,4,-2,1,1,-21.63206
2018/4/9,-21.63206,-1,-2,-1,-1,6,4,2,-9,-23,-2,-10,3,-4,-5,-78.55566
2018/4/10,-78.55566,1,3,41,5,-3,-4,2,10,21,6,16,-3,4,7,-17.69766
2018/4/11,-17.69766,1,-5,-43,-2,-7,-3,-4,3,-13,1,0,3,0,-1,-7.78766
2018/4/12,-7.78766,0,4,2,-1,9,2,-2,-11,8,-2,-10,-1,-1,-4,64.478
2018/4/13,64.478,-1,-4,24,-1,-1,1,-1,3,7,2,17,5,1,1,184.0314
2018/4/14,184.0314,-1,1,31,1,-5,1,3,0,0,-2,1,-1,-2,0,175.55032
2018/4/15,175.55032,3,3,71,8,18,0,3,13,7,8,8,-3,5,2,267.44752
2018/4/16,267.44752,-1,-1,-63,-9,-15,2,-1,0,-13,-10,-11,-2,-2,4,310.63532
2018/4/17,310.63532,-2,1,27,-1,4,1,3,-11,8,11,17,-1,-1,-4,223.50732
2018/4/18,223.50732,-1,1,-23,4,-5,-6,-1,0,-8,-10,-11,5,0,-5,9.51438
2018/4/19,9.51438,3,0,-37,-2,1,4,1,6,-10,2,-16,-2,0,0,53.90582
2018/4/20,53.90582,2,-4,-34,-2,-4,-4,-7,-14,-17,-9,-1,-2,0,1,43.6228
2018/4/21,43.6228,-4,0,17,0,1,3,0,-1,21,10,2,2,0,1,102.394
2018/4/22,102.394,-1,0,16,0,1,-4,2,1,0,-6,1,-2,-1,-1,152.68034
2018/4/23,152.68034,1,0,-27,2,1,0,-1,1,-6,3,-9,0,-2,0,188.62628
2018/4/24,188.62628,1,4,46,9,1,9,5,22,23,2,23,1,1,2,153.78484
2018/4/25,153.78484,0,-2,13,-10,1,-3,-3,-10,-4,1,2,8,0,-1,260.18338
2018/4/26,260.18338,4,0,10,2,-6,-4,0,-6,0,-2,-3,-8,-3,-2,28.55766
2018/4/27,28.55766,-3,-1,-37,2,1,4,-2,15,-9,11,-1,1,11,3,90.23866
2018/4/28,90.23866,-2,1,36,-4,0,-2,-1,-22,3,-15,2,1,-4,3,34.35434
2018/4/29,34.35434,5,-2,-8,1,8,1,2,1,-2,9,-13,-2,-5,2,78.46234
2018/4/30,78.46234,-5,2,-61,2,2,-6,-1,5,-17,-8,-7,0,4,-7,-44.25206
2018/5/1,-44.25206,1,0,-3,-2,1,6,3,18,17,0,3,1,-3,0,52.81266
2018/5/2,52.81266,1,-1,116,2,3,1,0,9,33,23,31,4,3,3,-36.65234
2018/5/3,-36.65234,-1,2,-118,-5,-8,-3,1,-26,-32,-23,-31,-7,-3,-4,42.22118
2018/5/4,42.22118,-1,-2,56,3,9,4,-3,9,12,17,26,3,1,1,62.61898
2018/5/5,62.61898,2,4,-5,-1,-11,-4,1,2,-17,-17,-7,-3,-1,0,75.28966
2018/5/6,75.28966,3,-4,46,1,11,-3,3,5,27,13,14,1,6,-1,108.74734
2018/5/7,108.74734,-3,0,-61,1,-4,4,-1,-16,-18,-2,-19,5,-4,5,110.99992
2018/5/8,110.99992,2,6,-11,4,7,7,1,32,61,7,12,-2,1,1,24.8528
2018/5/9,24.8528,1,-3,12,-4,-13,-10,-3,-18,-46,-12,-21,2,2,0,-82.132
2018/5/10,-82.132,-3,2,33,9,2,0,-3,-14,-14,-4,12,-1,-7,-1,-77.73768
2018/5/11,-77.73768,3,-4,-21,-9,-3,2,0,5,12,10,-4,1,4,5,-140.36468
2018/5/12,-140.36468,-4,3,-40,0,-4,-1,1,-7,-44,-19,-17,-5,-4,-7,-232.26966
2018/5/13,-232.26966,8,-3,23,6,6,-1,2,15,31,7,14,1,8,0,-172.26866
2018/5/14,-172.26866,-3,5,351,-1,38,6,11,5,82,46,68,1,-3,2,-100.19132
2018/5/15,-100.19132,-1,-3,-330,-3,-29,-1,-11,-8,-95,-41,-58,0,-3,-2,-134.00064
2018/5/16,-134.00064,-1,0,-42,-3,-12,-2,3,-7,14,5,-23,-1,-1,-1,-118.00504
2018/5/17,-118.00504,-2,-3,2,-3,-3,-3,-7,-12,-19,-11,-4,1,-1,0,-25.61692
2018/5/18,-25.61692,-3,-1,-3,7,4,-1,2,30,14,4,13,-3,3,4,-75.64566
2018/5/19,-75.64566,1,0,-11,-6,-8,-1,1,-31,-15,-6,-17,-1,-3,-3,-97.51932
2018/5/20,-97.51932,2,1,59,3,3,6,0,9,20,2,15,1,-1,2,-85.75
2018/5/21,-85.75,-3,-2,-41,-3,6,-4,-2,-9,-6,-2,-2,0,1,-4,-0.81028
2018/5/22,-0.81028,4,2,-15,8,3,9,0,31,10,1,11,3,7,3,8.97056
2018/5/23,8.97056,-4,4,4,-2,3,-5,3,-18,9,16,7,7,-2,-2,-18.10768
2018/5/24,-18.10768,1,-5,3,-7,-6,-4,-1,4,-19,-6,-21,-10,-1,1,-136.86302
2018/5/25,-136.86302,1,0,35,4,5,1,0,-3,10,3,24,-1,-1,2,-131.41902
2018/5/26,-131.41902,6,4,-10,1,-6,0,-3,4,4,-4,-11,2,-1,-3,-212.43368
2018/5/27,-212.43368,-7,1,-30,-2,-1,1,5,0,1,-5,-13,-1,3,1,-208.52958
2018/5/28,-208.52958,5,1,15,-1,3,2,1,6,-4,-2,11,4,4,4,-130.74968
2018/5/29,-130.74968,0,-5,62,6,3,-4,-2,-7,9,4,18,3,-1,1,-85.03968
2018/5/30,-85.03968,0,15,-26,-3,7,-1,3,8,1,7,1,-2,1,-5,-21.26334
2018/5/31,-21.26334,-6,-15,-47,1,-16,5,1,-11,-31,-16,-28,-3,-9,0,-11.96868
2018/6/1,-11.96868,0,2,36,-1,2,2,-4,12,14,14,18,3,2,4,29.70512
2018/6/2,29.70512,4,0,2,-4,1,-5,-1,-21,-1,-7,-7,1,1,-5,34.663
2018/6/3,34.663,-3,-1,-39,2,0,0,-3,-4,-16,-4,-19,-6,-4,0,102.921
2018/6/4,102.921,-1,-2,9,-1,-2,-1,4,6,-10,5,9,1,4,-1,48.00186
2018/6/5,48.00186,0,5,28,2,10,-1,-3,5,25,1,6,-1,-3,1,22.97566
2018/6/6,22.97566,0,-4,-31,2,6,3,2,2,-11,2,-9,4,5,-2,24.85762
2018/6/7,24.85762,-1,0,-11,-2,-21,-4,-3,-15,-10,-12,-8,-2,-5,2,24.09332
2018/6/8,24.09332,3,-1,2,4,5,7,10,16,31,14,18,-2,2,2,6.22498
2018/6/9,6.22498,-1,1,3,-6,-1,-6,-7,-6,-24,-12,-13,2,2,-2,-15.94654
2018/6/10,-15.94654,6,3,27,0,5,5,0,2,32,8,18,1,-1,3,12.827
2018/6/11,12.827,-5,0,5,1,0,4,3,4,9,0,2,-1,-1,-3,-167.76676
2018/6/12,-167.76676,1,2,17,2,22,-6,-3,52,16,26,11,7,8,5,-155.987
2018/6/13,-155.987,-2,-2,-45,0,-16,3,1,3,-7,-11,-8,-4,1,-5,-228.238
2018/6/14,-228.238,6,-4,-1,2,8,-3,1,-45,-26,-20,-10,-2,-4,2,-260.89068
2018/6/15,-260.89068,-3,0,-9,-2,-14,4,9,4,-4,24,-1,1,4,2,-183.47902
2018/6/16,-183.47902,-5,2,3,-4,-3,-7,-13,-23,-9,-27,-9,9,-11,-4,-68.56008
2018/6/17,-68.56008,7,1,27,8,5,5,2,27,25,13,20,0,7,3,-73.25034
2018/6/18,-73.25034,-3,-2,-25,-5,-3,-1,-1,-11,-28,-10,-12,-12,-4,-3,-14.134
2018/6/19,-14.134,2,4,-5,2,0,2,3,13,27,13,3,6,4,6,79.5576
2018/6/20,79.5576,-4,0,14,-1,-4,-4,2,-20,-22,-11,-9,2,-5,-7,17.99734
2018/6/21,17.99734,2,-2,-9,7,6,9,5,50,31,22,27,-5,13,4,56.12606
2018/6/22,56.12606,0,-1,-5,-10,10,-11,-7,-51,-34,-25,-21,0,-12,-3,44.89498
2018/6/23,44.89498,0,2,20,1,-17,0,1,-14,-6,3,-5,-1,-1,-2,-26.36768
2018/6/24,-26.36768,-3,-4,13,1,8,8,-4,30,19,12,16,-3,3,7,-114.37644
2018/6/25,-114.37644,0,4,-10,2,9,-2,4,-19,11,-6,-9,6,-4,-4,-139.99834
2018/6/26,-139.99834,1,0,-24,-1,-12,-7,-5,0,-33,-5,-8,-4,0,0,-100.65416
2018/6/27,-100.65416,1,-4,26,-2,4,2,0,1,0,2,7,-2,4,-1,-103.06132
2018/6/28,-103.06132,3,2,15,4,-4,1,-1,-4,1,2,-2,4,-2,1,-45.45566
2018/6/29,-45.45566,5,-2,0,-2,0,-1,5,0,17,8,4,-3,1,1,-6.74192
2018/6/30,-6.74192,-8,5,-37,1,0,1,-3,9,-12,-11,-9,1,4,10,-25.66116
2018/7/1,-25.66116,-1,0,1,-5,-3,-1,0,-17,-4,-2,-2,-1,-4,-11,33.98866
2018/7/2,33.98866,2,0,-5,9,-3,1,5,16,-8,-6,3,0,-1,-2,31.23182
2018/7/3,31.23182,1,-6,5,-3,13,3,-2,-2,11,11,-7,2,4,3,72.15482
2018/7/4,72.15482,-1,6,-3,-2,-4,-3,0,1,-3,-4,11,-1,-4,-3,101.15792
2018/7/5,101.15792,-4,0,1,0,2,-2,-1,-4,-10,-2,-7,1,-1,0,136.91732
2018/7/6,136.91732,6,4,2,0,2,5,0,2,10,2,6,3,2,1,44.39716
2018/7/7,44.39716,-5,-9,3,-4,-12,-5,-1,5,3,-2,-5,-7,-3,0,38.9484
2018/7/8,38.9484,4,4,11,6,5,8,1,22,65,31,22,7,11,7,25.6425
2018/7/9,25.6425,-2,1,-9,-3,26,-8,6,-11,-33,-16,-9,-3,-7,-3,27.97466
2018/7/10,27.97466,-3,1,-3,-1,-20,0,-4,-16,-40,-11,-10,-4,-1,-1,26.11666
2018/7/11,26.11666,5,5,-6,1,-4,3,-5,-5,-3,-8,1,7,-1,-5,-18.517
2018/7/12,-18.517,-3,-7,1,2,-2,-2,1,15,15,9,-8,-7,0,3,-38.42656
2018/7/13,-38.42656,-1,-1,-3,-3,9,0,2,0,14,1,0,0,-1,-1,-72.13732
2018/7/14,-72.13732,2,-3,4,-1,-7,0,0,-10,-26,-8,3,5,-2,1,-101.84032
2018/7/15,-101.84032,2,0,-2,-1,-7,0,0,-17,-8,-2,-8,-5,3,0,-96.57448
2018/7/16,-96.57448,-2,1,-1,0,4,3,5,11,24,12,3,4,-2,1,-38.78198
2018/7/17,-38.78198,-1,-1,2,2,5,-4,-7,9,-13,-2,15,1,6,-3,27.40552
2018/7/18,27.40552,0,2,3,3,-4,2,5,4,19,-6,2,-3,-5,1,127.26318
2018/7/19,127.26318,1,0,3,-6,0,0,-7,-3,-15,-2,-14,0,1,5,230.86084
2018/7/20,230.86084,4,5,59,7,5,-1,3,8,25,14,27,6,2,-6,231.08034
2018/7/21,231.08034,-1,-5,-66,-5,-9,1,-1,-19,-35,-9,-31,-6,0,2,222.23266
2018/7/22,222.23266,-4,4,4,4,9,1,-1,16,48,5,16,0,3,0,167.6209
2018/7/23,167.6209,1,-4,3,-6,-1,-3,0,-18,-58,-7,-8,1,-8,0,116.27566
2018/7/24,116.27566,14,3,-7,8,5,4,1,38,64,11,23,0,7,13,58.2445
2018/7/25,58.2445,-11,1,0,-6,1,0,0,-35,-59,-19,-29,1,-3,-13,143.30566
2018/7/26,143.30566,-3,-4,0,4,-7,1,6,20,37,10,9,1,0,0,164.624
2018/7/27,164.624,0,2,0,-5,-2,1,-8,-28,-30,-5,-1,-3,-3,-3,166.96576
2018/7/28,166.96576,-1,-2,69,2,5,-4,15,27,32,5,8,-1,3,3,114.79366
2018/7/29,114.79366,0,-2,-66,-3,-11,-1,-14,-16,-36,-7,-5,0,-1,-2,98.4735
2018/7/30,98.4735,-1,2,4,3,3,1,5,5,12,3,-3,0,-1,2,18.68234
2018/7/31,18.68234,2,-1,-5,-1,13,4,-3,13,16,12,3,3,2,2,-21.60332
2018/8/1,-21.60332,-1,6,1,7,-16,-5,-1,-11,-16,-12,-9,0,3,-1,-54.10466
2018/8/2,-54.10466,0,-8,-4,-4,11,2,0,-14,1,1,-2,0,-8,-1,-90.87766
2018/8/3,-90.87766,3,3,2,-4,-9,-1,2,4,6,6,15,-3,1,3,-117.8205
2018/8/4,-117.8205,0,0,0,3,-1,1,-1,-4,-13,-5,-8,2,0,-2,-162.3685
2018/8/5,-162.3685,-5,-3,-1,-2,-5,-1,-1,-1,-10,-1,-2,-2,1,-1,-179.07584
2018/8/6,-179.07584,3,2,12,5,6,-1,-1,8,4,-1,-1,2,2,-3,-183.6165
2018/8/7,-183.6165,0,2,58,-1,8,4,3,1,31,9,16,-1,0,1,-116.558
2018/8/8,-116.558,-1,-1,-69,1,7,-1,-1,6,-14,-7,-11,5,-3,2,-119.92716
2018/8/9,-119.92716,5,-2,-3,-4,-13,-2,1,-5,-7,7,-2,-5,1,-2,-188.82644
2018/8/10,-188.82644,0,4,9,15,9,8,3,63,72,36,39,4,14,7,-170.19932
2018/8/11,-170.19932,-1,0,-5,-14,-13,-5,2,-44,-55,-30,-28,-3,-15,-1,-120.44472
2018/8/12,-120.44472,-4,-2,2,-3,2,-5,-5,-1,7,1,-2,2,2,-3,-158.48514
2018/8/13,-158.48514,8,12,2,6,1,6,7,45,31,20,11,0,11,0,-136.47632
2018/8/14,-136.47632,-4,-9,-5,2,-2,-2,-2,-58,-36,-30,-17,-4,-9,2,-20.65938
2018/8/15,-20.65938,1,0,37,-7,9,4,-4,7,10,0,11,6,0,-1,-69.166
2018/8/16,-69.166,-2,1,-14,0,-3,-4,2,0,11,7,12,-1,-2,-1,-6.76356
2018/8/17,-6.76356,-1,-6,-8,2,1,4,3,-2,-14,-1,-15,-2,8,7,29.39516
2018/8/18,29.39516,2,5,-14,2,1,-2,6,-11,-23,-2,-5,1,-8,-4,33.15366
2018/8/19,33.15366,-2,-3,8,0,12,-5,-14,-1,4,-4,-9,-3,4,-6,17.93016
2018/8/20,17.93016,7,3,62,-4,-5,1,4,16,25,2,18,2,-3,1,70.62416
2018/8/21,70.62416,-10,-3,-70,2,-12,2,-6,-11,-25,2,-10,1,-2,1,14.37644
2018/8/22,14.37644,3,3,23,0,5,-1,4,-8,1,-2,1,-2,4,-1,11.72338
2018/8/23,11.72338,3,2,45,2,0,2,0,34,14,2,21,4,1,3,19.66582
2018/8/24,19.66582,0,-2,-67,-3,6,-4,2,-22,-12,-6,-28,-4,-1,-4,-0.36784
2018/8/25,-0.36784,-1,-2,10,3,-13,1,-3,40,6,25,18,7,2,8,27.91646
2018/8/26,27.91646,-2,3,5,-3,4,3,7,-33,4,-8,-7,-7,-2,-4,56.974
2018/8/27,56.974,-3,5,-10,3,0,-2,-6,7,13,-11,-2,2,1,4,54.40558
2018/8/28,54.40558,5,-2,-4,4,13,1,6,1,-6,-4,-2,1,0,-5,28.80738
2018/8/29,28.80738,-1,2,-1,-7,-9,-2,-3,-16,-9,6,-6,-2,0,6,113.03164
2018/8/30,113.03164,-3,-5,16,3,-3,0,-4,20,18,0,17,-2,-2,-2,102.12612
2018/8/31,102.12612,7,10,22,3,8,10,8,10,21,13,17,7,8,1,42.64664
2018/9/1,42.64664,-4,-13,-15,-3,-15,-8,-5,-25,-23,-12,-35,-5,-7,-8,61.7344
2018/9/2,61.7344,9,-2,44,1,6,6,2,-5,-6,-7,7,-2,-1,3,76.3361
2018/9/3,76.3361,-2,12,-64,0,1,1,2,51,84,46,38,8,9,8,49.57908
2018/9/4,49.57908,-8,-4,3,-1,6,-6,-5,-36,-76,-40,-38,-3,-10,-8,41.33456
2018/9/5,41.33456,2,-3,25,4,12,6,7,21,17,10,16,8,8,8,78.838
2018/9/6,78.838,3,-3,14,-3,-21,-2,-7,-31,-8,21,-4,-6,-6,-2,26.2246
2018/9/7,26.2246,-7,2,-9,6,3,-4,0,15,-22,-8,10,-4,1,-6,-133.53502
2018/9/8,-133.53502,8,0,-16,-3,9,-1,5,-9,10,-12,-2,0,4,2,-160.62626
2018/9/9,-160.62626,2,3,-21,1,-11,8,-1,26,50,7,2,5,2,1,-178.96836
2018/9/10,-178.96836,-8,-6,-2,-7,2,-8,-2,-16,-64,-24,-20,-5,-11,-1,-208.08536
2018/9/11,-208.08536,2,7,43,5,13,9,6,-9,43,31,9,9,2,-1,-163.03832
2018/9/12,-163.03832,0,-4,-43,-2,-6,-8,-6,33,24,-5,2,-1,10,-3,-27.39018
2018/9/13,-27.39018,-2,-2,0,-7,-1,1,-4,-49,-84,-27,-16,-11,-9,1,-34.33334
2018/9/14,-34.33334,0,2,76,3,-9,-4,5,-4,17,-3,17,7,1,2,16.81434
2018/9/15,16.81434,2,0,-67,3,11,3,-1,33,31,9,15,-5,0,3,42.52734
2018/9/16,42.52734,0,1,-6,-3,-6,-1,-5,-6,-22,5,-16,-2,-1,-1,44.15546
2018/9/17,44.15546,-3,-4,0,2,3,2,2,-20,-10,-12,-8,3,3,-2,36.86468
2018/9/18,36.86468,-1,11,26,-4,5,5,1,54,56,33,11,2,3,2,25.49268
2018/9/19,25.49268,3,-4,-29,3,41,-1,-3,-17,-24,-14,-19,-2,-6,3,-30.7095
2018/9/20,-30.7095,2,-7,-1,-2,-52,-6,2,-44,-42,-22,-3,-2,1,-8,-32.64716
2018/9/21,-32.64716,-1,8,2,2,2,10,-1,10,36,15,5,5,3,6,-20.01846
2018/9/22,-20.01846,-3,-8,-2,-3,-7,-14,1,-9,-32,-8,-2,-4,-6,-5,37.86934
2018/9/23,37.86934,-1,-1,0,4,-2,2,-3,-5,-18,-11,-4,-2,-2,-2,61.74234
2018/9/24,61.74234,2,0,1,-4,0,2,-1,-6,3,1,-10,-1,6,-1,82.76268
2018/9/25,82.76268,2,7,0,9,16,3,4,30,36,18,28,8,7,6,60.69552
2018/9/26,60.69552,-1,-2,6,-3,7,-3,0,18,14,4,25,2,-5,-1,-1.22068
2018/9/27,-1.22068,-2,1,-6,0,-1,13,-1,-14,-28,-2,-30,-4,-4,3,-40.27182
2018/9/28,-40.27182,-3,-1,9,-6,-14,-12,-1,-27,-14,-18,-9,-5,1,-6,-34.76716
2018/9/29,-34.76716,1,1,-9,4,-1,-3,1,5,6,9,-4,0,-3,4,-6.6205
2018/9/30,-6.6205,2,-4,2,1,-3,9,2,42,24,8,23,4,11,0,-17.766
2018/10/1,-17.766,1,-3,-4,-3,5,-10,-5,-50,-43,-9,-27,-5,-10,-4,36.13516
2018/10/2,36.13516,-2,6,2,6,-1,5,5,14,4,6,8,3,8,3,24.46732
2018/10/3,24.46732,1,1,3,-4,-3,1,-3,3,11,-5,5,0,-7,-2,5.43298
2018/10/4,5.43298,9,-6,-1,-3,-3,-6,0,-14,-13,-7,-13,-2,0,-1,-41.38802
2018/10/5,-41.38802,-6,4,-1,2,26,-2,2,18,29,10,14,1,2,0,2.6308
2018/10/6,2.6308,-3,-1,5,-1,-26,3,-2,-9,-22,-15,-11,-3,-4,2,-4.9172
2018/10/7,-4.9172,-3,0,-8,4,0,1,0,-1,5,5,12,5,0,1,-1.89636
2018/10/8,-1.89636,5,2,27,-2,2,7,3,13,50,20,24,3,6,4,-0.82086
2018/10/9,-0.82086,0,-6,-26,-2,-1,-8,-4,-28,-69,-18,-41,-7,-9,-8,29.63302
2018/10/10,29.63302,4,7,5,2,16,-1,2,8,29,6,5,1,5,7,11.61666
2018/10/11,11.61666,-5,0,-5,-3,-14,3,4,21,23,-5,11,5,-1,-2,-1.108
2018/10/12,-1.108,1,-2,0,-1,-6,-4,0,-19,-35,-4,-21,-2,0,-3,-66.57016
2018/10/13,-66.57016,0,-3,0,1,4,5,-4,3,-9,-6,14,-5,-2,-2,-59.60132
2018/10/14,-59.60132,-1,-3,-1,1,-4,-2,-1,-11,3,6,-9,3,0,2,-71.58436
2018/10/15,-71.58436,2,5,1,0,7,0,3,12,19,3,11,2,4,0,-64.4625
2018/10/16,-64.4625,-2,-3,9,4,6,5,0,2,-13,-2,-4,-2,-6,1,-22.0875
2018/10/17,-22.0875,-2,4,-9,-4,-9,-4,0,2,5,10,8,2,4,-2,69.5965
2018/10/18,69.5965,0,-5,-1,5,0,-3,-3,-5,-2,-7,-10,-1,4,2,67.14906
2018/10/19,67.14906,2,8,2,-5,0,-1,3,12,3,7,12,-3,-2,0,61.47898
2018/10/20,61.47898,-2,-6,-1,-2,-4,1,-4,-16,-14,-15,-13,4,-4,-3,37.609
2018/10/21,37.609,1,-2,0,1,1,0,0,-2,2,9,3,-3,-2,2,7.25084
2018/10/22,7.25084,1,1,0,0,8,0,2,-1,5,-5,-9,4,4,7,-13.00334
2018/10/23,-13.00334,-2,-2,0,-2,-4,2,3,1,19,10,11,-6,3,-7,-19.55806
2018/10/24,-19.55806,-1,3,0,3,0,-3,1,12,-11,-10,-1,1,-2,-1,-17.32294
2018/10/25,-17.32294,2,1,4,3,11,4,-4,20,1,5,3,1,-1,6,4.17318
2018/10/26,4.17318,5,2,2,0,-6,0,3,-1,13,4,1,2,3,-6,-2.14866
2018/10/27,-2.14866,-5,4,-3,0,-11,0,-5,-24,-31,-7,-11,1,-5,2,-11.56966
2018/10/28,-11.56966,-2,-5,-3,-1,3,1,11,17,28,2,5,-4,1,4,-6.51366
2018/10/29,-6.51366,5,-1,2,-2,5,1,-9,-10,-5,0,2,4,2,-1,-6.64086
2018/10/30,-6.64086,-1,3,3,0,-2,-1,1,-18,-5,-10,0,-4,3,-5,-25.12832
2018/10/31,-25.12832,-3,-4,-4,6,8,-1,-1,15,-12,8,-3,3,-4,0,-33.72592
2018/11/1,-33.72592,0,3,0,-5,-6,-1,0,-1,16,0,4,-1,-1,4,-32.69382
2018/11/2,-32.69382,3,-1,20,-3,6,-2,3,9,-1,1,1,3,3,-1,-24.72732
2018/11/3,-24.72732,3,4,-10,9,-4,7,1,40,31,17,1,-2,5,2,-12.1095
2018/11/4,-12.1095,0,-1,-4,4,3,-3,1,-30,-22,-9,10,8,-3,1,-3.7745
2018/11/5,-3.7745,-3,-1,0,-12,1,-4,-6,-10,-4,-8,-5,3,-4,-1,16.4841
2018/11/6,16.4841,0,-2,-1,7,12,2,0,16,2,22,2,-13,5,-2,25.33618
2018/11/7,25.33618,1,4,-3,-2,-15,-3,1,-17,1,-13,6,-2,-5,0,20.61468
2018/11/8,20.61468,-1,-4,8,-3,-3,5,-1,2,3,-3,-13,2,5,3,30.22318
2018/11/9,30.22318,-1,-2,-10,1,-3,-1,-1,-14,-29,-9,-8,3,-4,-6,24.49118
2018/11/10,24.49118,-1,3,7,0,-2,-3,4,-5,16,5,3,-4,-3,0,3.88152
2018/11/11,3.88152,2,-3,-7,3,3,3,4,10,3,-2,0,3,1,0,-7.58632
2018/11/12,-7.58632,-3,7,3,0,-4,1,-6,18,-6,5,11,-2,1,6,-13.41716
2018/11/13,-13.41716,3,-5,0,-3,16,4,2,-19,6,-2,-15,-1,0,-6,-27.37066
2018/11/14,-27.37066,6,1,6,4,-2,-2,-3,10,-2,-1,18,3,6,5,-22.83766
2018/11/15,-22.83766,-6,-4,-8,-4,-8,-1,5,1,14,-5,1,-2,-8,0,-47.02516
2018/11/16,-47.02516,-3,6,3,-3,-3,3,-5,-12,-3,-1,-3,0,2,-1,-156.77066
2018/11/17,-156.77066,2,-2,10,1,-1,2,1,-2,-17,7,-2,1,-4,-1,-156.41516
2018/11/18,-156.41516,-2,-1,-11,5,3,-5,-1,6,7,-4,1,0,1,-1,-168.73866
2018/11/19,-168.73866,1,9,4,6,5,2,5,29,32,33,1,12,10,3,-153.20384
2018/11/20,-153.20384,1,-1,-1,-12,15,-2,3,-25,6,-21,-4,6,-2,-4,-174.44252
2018/11/21,-174.44252,2,-11,-5,4,-9,2,-9,7,-32,-13,5,-16,-6,-1,-188.64202
2018/11/22,-188.64202,2,5,0,0,-9,-3,4,11,17,16,7,-1,7,3,-212.50236
2018/11/23,-212.50236,-7,-6,-2,-3,6,-4,-3,-45,-60,-22,-30,-4,-9,-5,-201.88918
2018/11/24,-201.88918,3,-1,0,-2,-13,-1,-2,1,9,1,-3,0,-1,1,-259.34134
2018/11/25,-259.34134,-2,2,2,0,-3,1,2,-1,-4,-3,5,0,1,1,-202.02034
2018/11/26,-202.02034,0,-2,4,4,9,-2,0,-2,6,2,3,2,2,-2,-169.69168
2018/11/27,-169.69168,0,3,-5,0,9,6,12,17,7,4,2,-1,2,4,-122.62884
2018/11/28,-122.62884,2,-1,3,0,-11,-5,-9,0,13,2,1,1,2,-2,-159.42584
2018/11/29,-159.42584,-3,-1,-4,3,-1,0,1,-3,-9,4,7,0,-4,-2,-41.17674
2018/11/30,-41.17674,5,1,2,-2,8,3,1,-6,-6,-8,-13,-1,-2,2,-6.0115
2018/12/1,-6.0115,-2,0,0,-5,-11,-2,-7,7,8,-4,0,1,1,2,56.672
2018/12/2,56.672,-2,0,-2,1,5,2,5,-9,8,3,8,5,1,0,39.24816
2018/12/3,39.24816,2,6,2,0,8,-1,-2,2,-17,-3,-8,-4,4,0,83.17566
2018/12/4,83.17566,-3,-4,-3,1,-9,0,-3,-6,-8,10,4,-2,-1,-3,-27.18594
2018/12/5,-27.18594,5,1,4,3,5,2,13,32,23,3,6,1,-1,3,-60.458
2018/12/6,-60.458,-1,0,1,0,-8,-3,-10,-2,-17,-6,0,1,1,3,-49.7045
2018/12/7,-49.7045,-4,0,14,-4,4,0,0,-22,13,-7,0,1,-6,-4,-74.76682
2018/12/8,-74.76682,-1,-4,-18,3,-4,5,-2,11,-6,1,-4,0,3,1,-152.38066
2018/12/9,-152.38066,5,2,-1,0,-4,-5,0,-7,1,5,1,-2,0,-1,-106.43682
2018/12/10,-106.43682,-2,-2,0,-1,10,-2,2,4,-4,-4,3,2,1,-1,-86.538
2018/12/11,-86.538,1,3,3,0,1,2,0,1,19,3,2,-3,-1,2,-66.87782
2018/12/12,-66.87782,-2,7,8,0,-10,8,1,-8,-9,0,-2,4,1,-1,-63.35066
2018/12/13,-63.35066,0,-3,-7,0,13,-6,-3,21,16,7,2,-2,1,3,11.27934
2018/12/14,11.27934,4,-4,3,0,-6,1,13,-11,-8,6,14,-2,0,-3,-5.7155
2018/12/15,-5.7155,-4,-2,-5,-2,-4,-2,-12,-13,-20,-16,-25,2,-1,-1,-50.08582
2018/12/16,-50.08582,-1,0,2,0,-1,-1,5,3,6,3,15,1,-2,1,-59.73216
2018/12/17,-59.73216,2,6,3,6,9,5,-3,47,60,13,6,11,3,10,-30.99032
2018/12/18,-30.99032,3,-2,-5,-3,8,8,-1,-28,-12,9,9,-11,11,-8,-13.92698
2018/12/19,-13.92698,-3,-1,0,1,-14,-12,-1,-8,-33,-10,-27,4,-4,-2,32.14152
2018/12/20,32.14152,2,-4,-1,2,0,-2,5,-6,-11,-8,1,-7,-12,-1,105.93368
2018/12/21,105.93368,-2,4,12,-5,6,1,-4,2,11,3,9,4,6,4,151.51034
2018/12/22,151.51034,-1,-2,-9,0,-1,4,0,10,7,-3,-2,0,-1,-4,148.87416
2018/12/23,148.87416,2,-2,2,0,-4,-4,1,-1,-16,2,-2,0,1,3,103.71366
2018/12/24,103.71366,-3,1,18,0,-3,-1,-1,-8,-4,-2,6,-4,-1,-3,92.00166
2018/12/25,92.00166,4,-1,-22,3,7,6,0,16,20,22,-4,13,0,3,74.10966
2018/12/26,74.10966,-4,1,3,-2,-11,-5,-1,-22,-18,-26,2,-11,0,-3,-33.79416
2018/12/27,-33.79416,8,2,3,20,13,12,15,43,40,21,20,5,6,23,-38.04598
2018/12/28,-38.04598,-2,4,-6,-15,7,-6,-9,23,43,6,9,-4,3,-15,-32.62682
2018/12/29,-32.62682,-3,-6,3,-3,-6,-4,-5,-48,-73,-20,-42,1,-10,-4,-56.71466
2018/12/30,-56.71466,-2,2,-5,-3,-10,-1,-3,-20,-14,-6,6,-4,-2,-5,-53.261
2018/12/31,-53.261,-2,2,3,1,1,5,2,11,0,-4,-6,0,0,1,3.80832
2019/1/1,3.80832,0,-4,-3,-2,2,-7,-1,-15,-19,-3,-2,-1,0,-2,-6.76668
2019/1/2,-6.76668,4,1,0,5,4,4,1,30,29,13,19,6,2,5,0.88648
2019/1/3,0.88648,-3,-2,2,-5,-5,-3,1,-20,-16,-10,-12,-5,-3,-4,24.64666
2019/1/4,24.64666,0,0,9,-1,1,2,-2,-5,9,4,-3,0,5,1,-9.29766
2019/1/5,-9.29766,-1,0,-11,4,1,-1,3,3,11,7,8,0,-1,0,-2.05898
2019/1/6,-2.05898,1,1,0,-3,-7,-2,0,-11,-15,-10,-6,0,-5,-1,15.38834
2019/1/7,15.38834,5,0,7,2,3,3,-1,27,30,8,6,-1,20,2,33.63702
2019/1/8,33.63702,-2,3,-6,-1,-1,-2,-2,-10,-35,-8,-14,2,-18,2,33.79102
2019/1/9,33.79102,-4,-4,-1,-1,0,-2,0,-22,-14,-5,1,0,-1,-5,34.01152
2019/1/10,34.01152,3,-1,1,0,13,0,-1,7,13,13,6,0,0,0,42.30234
2019/1/11,42.30234,0,3,-1,0,-8,9,5,17,25,9,8,2,4,4,-11.18032
2019/1/12,-11.18032,4,1,1,-1,-6,-5,11,12,13,-2,13,-3,0,2,-52.74416
2019/1/13,-52.74416,-6,-4,-1,2,-1,0,-15,-19,-38,-16,-24,1,-4,-5,-77.9495
2019/1/14,-77.9495,1,3,1,-2,11,-1,0,-11,2,0,-1,-2,1,0,-87.20268
2019/1/15,-87.20268,-1,0,-1,-1,-11,-3,1,0,-7,4,-1,3,2,6,-86.00418
2019/1/16,-86.00418,-1,0,2,3,10,2,0,2,4,-5,1,0,1,-7,-31.16018
2019/1/17,-31.16018,3,-2,-2,-1,-8,1,-1,-4,-9,1,-2,-2,-3,2,-7.09302
2019/1/18,-7.09302,1,4,3,-1,9,-2,3,5,35,11,18,0,2,2,-5.27636
2019/1/19,-5.27636,0,-2,5,6,-9,0,0,16,-9,-5,-6,2,-3,-3,6.51064
2019/1/20,6.51064,-3,-2,1,-6,1,2,-2,-18,-13,-4,-9,-2,2,0,17.28114
2019/1/21,17.28114,1,2,-2,0,4,0,-1,17,2,1,19,1,-1,3,-7.33152
