Date,Value,5 day MA,d2,d6,d8,d13,d17,d22,d23,d29,d36,d58,d66,d67,d69,d93
42995,3763.626,3904.45864,5,3,1,57,9,6,5,25,33,20,20,6,4,7
42996,3746.0608,3807.56584,5,2,13,57,31,2,9,24,51,24,28,13,8,11
42997,4093.3167,3712.97068,3,2,10,40,22,4,5,18,35,19,23,2,3,4
42998,3943.4133,3739.37976,6,1,6,28,18,3,1,36,49,12,17,6,5,3
42999,3977.5617,3864.13642,0,6,22,54,15,8,3,28,45,21,24,6,5,7
43000,3658.8982,3904.7957,3,9,6,74,25,12,8,51,62,22,31,6,8,4
43001,3637.5026,3883.85014,5,2,15,55,19,5,3,34,49,21,31,4,6,7
43002,3776.3869,3862.1385,4,6,29,49,12,1,5,17,33,9,26,3,7,2
43003,3703.0407,3798.75254,5,6,6,35,15,6,4,27,29,9,20,2,5,6
43004,3942.555,3750.67802,6,5,49,82,22,5,5,35,59,15,31,9,7,11
43005,3910.3074,3743.67668,4,3,26,46,21,3,9,28,45,14,24,4,1,2
43006,4202.555,3793.95852,0,8,11,66,19,7,13,37,49,19,29,1,11,5
43007,4201.9891,3906.969,0,4,19,69,11,5,7,11,41,13,27,1,10,3
43008,4193.5747,3992.08944,7,3,31,59,7,6,10,45,66,31,37,3,11,10
43009,4335.3683,4090.19624,1,3,25,35,14,3,0,23,28,16,14,6,3,4
43010,4360.723,4168.7589,6,4,36,63,22,6,2,33,63,10,27,7,12,6
43011,4386.8838,4258.84202,2,6,7,37,24,5,13,14,42,12,11,8,5,1
43012,4293.3066,4295.70778,3,5,9,63,12,5,7,48,40,21,32,3,6,10
43013,4225.175,4313.97128,5,2,9,50,11,6,3,40,66,8,19,4,8,7
43014,4338.852,4320.29134,4,4,10,26,16,4,10,27,30,12,23,3,6,6
43015,4345.6033,4320.98808,3,2,2,32,16,2,3,12,22,6,12,3,2,2
43016,4376.1917,4317.96414,2,2,4,43,5,1,0,13,31,8,12,1,8,4
43017,4602.2809,4315.82572,4,8,46,55,21,3,3,27,46,21,20,6,9,10
43018,4777.9678,4377.62058,2,3,27,61,16,11,2,35,50,21,25,4,10,5
43019,4782.28,4488.17914,3,2,36,35,11,4,8,19,26,9,12,0,11,7
43020,4819.4858,4576.86474,2,1,17,36,21,6,1,23,20,2,16,7,5,3
43021,5325.1307,4671.64124,4,1,16,39,20,7,2,18,42,9,11,1,3,1
43022,5563.8066,4861.42904,6,5,31,45,13,3,3,20,37,10,21,2,4,5
43023,5739.4387,5053.73418,1,7,32,45,11,5,7,24,33,10,15,2,5,3
43024,5647.3117,5246.02836,0,3,8,27,10,4,3,24,31,6,15,2,4,4
43025,5711.2059,5419.0347,7,5,17,37,7,4,6,16,32,8,18,2,5,6
43026,5603.7129,5597.37872,3,3,20,40,29,2,5,51,51,14,20,4,5,6
43027,5546.1761,5653.09516,3,8,2,50,18,5,33,26,44,16,21,6,8,5
43028,5727.6335,5649.56906,18,11,43,84,39,9,11,47,83,22,30,7,5,10
43029,5979.4598,5647.20802,7,5,54,62,22,2,6,25,51,14,26,4,5,6
43030,6020.3717,5713.63764,5,1,18,32,7,1,2,14,35,6,9,1,5,2
43031,5983.1846,5775.4708,5,3,1,38,24,4,2,22,37,11,15,2,1,12
43032,5876.0799,5851.36514,7,8,2,55,11,3,6,50,55,15,32,4,3,4
43033,5505.8278,5917.3459,2,4,1,59,23,5,10,38,31,14,19,7,4,5
43034,5669.6225,5872.98476,1,3,8,35,17,4,3,22,27,10,12,0,4,2
43035,5893.1384,5811.0173,7,3,7,31,13,1,3,17,18,10,6,1,0,1
43036,5772.505,5785.57064,6,2,2,33,9,1,7,33,41,13,14,3,5,6
43037,5776.697,5743.43472,2,0,6,26,2,4,1,8,18,4,6,0,1,0
43038,6155.434,5723.55814,1,4,2,13,6,2,2,12,15,9,9,3,0,1
43039,6105.8742,5853.47938,3,3,19,58,15,1,5,17,46,15,14,7,2,3
43040,6388.6452,5940.72972,0,0,9,27,6,4,2,11,19,6,13,0,4,3
43041,6665.3067,6039.83108,3,7,105,103,21,7,7,58,84,34,33,7,8,5
43042,7068.0201,6218.39142,9,8,78,81,19,4,4,34,76,21,33,3,6,4
43043,7197.7201,6476.65604,3,2,24,45,20,10,3,20,61,9,23,2,5,4
43044,7437.5433,6685.11326,3,2,13,36,3,7,2,14,16,3,8,2,3,1
43045,7377.0124,6951.44708,5,4,11,46,9,5,7,32,39,8,15,3,4,1
43046,6989.0717,7149.12052,6,10,13,43,9,5,19,24,39,11,24,2,7,4
43047,7092.1272,7213.87352,4,2,56,70,19,7,15,25,68,17,26,4,11,7
43048,7415.8783,7218.69494,1,1,2,35,27,1,2,17,27,14,18,1,2,2
43049,7158.0371,7262.32658,4,1,1,59,14,3,7,34,56,27,28,3,3,1
43050,6719.3979,7206.42534,8,7,54,63,12,3,7,34,65,22,43,6,8,2
43051,6362.851,7074.90244,7,8,94,112,19,6,7,60,103,27,55,6,11,8
43052,5716.3016,6949.6583,7,2,37,63,43,4,5,31,47,21,40,10,1,5
43053,6550.2275,6674.49318,2,3,23,58,34,9,6,29,54,14,24,6,11,2
43054,6635.4126,6501.36302,6,5,16,77,15,4,10,34,48,14,33,6,4,2
43055,7301.4299,6396.83812,5,3,41,53,18,4,3,19,40,15,33,2,10,4
43056,7815.0307,6513.24452,7,3,8,44,7,0,3,37,47,19,18,0,6,7
43057,7786.8844,6803.68046,6,1,24,35,3,1,2,25,28,2,11,4,1,1
43058,7817.1404,7217.79702,2,4,5,30,5,1,2,15,21,7,15,3,2,2
43059,8007.6541,7471.1796,2,1,16,42,13,10,7,32,49,12,18,4,6,3
43060,8255.5968,7745.6279,5,3,7,46,7,2,2,23,25,9,11,4,2,4
43061,8059.8,7936.46128,0,4,1,42,17,8,5,27,34,18,19,2,6,3
43062,8268.035,7985.41514,5,4,14,46,13,2,3,16,32,14,21,3,2,4
43063,8148.95,8081.64526,3,5,32,44,8,2,4,25,47,21,16,3,5,4
43064,8250.9783,8148.00718,4,4,8,50,6,6,2,23,35,19,16,5,4,2
43065,8707.4073,8196.67202,2,2,2,39,18,7,0,34,30,13,19,3,6,4
43066,9284.1438,8287.03412,2,4,17,48,16,2,8,23,33,8,12,10,5,5
43067,9718.2951,8531.90288,6,2,9,54,27,7,8,36,49,21,23,6,5,11
43068,9952.5088,8821.9549,8,13,8,57,10,7,7,29,66,17,28,2,8,12
43069,9879.3283,9182.66666,10,3,4,70,11,11,5,43,65,25,24,2,14,8
43070,10147.372,9508.33666,7,15,8,58,18,4,5,35,51,15,26,6,6,7
43071,10883.912,9796.3296,24,1,208,76,5,3,8,29,58,10,38,4,8,7
43072,11071.3683,10116.28324,8,6,44,67,15,1,8,33,75,17,27,2,6,10
43073,11332.622,10386.89788,8,11,13,59,9,9,2,41,53,21,22,7,9,9
43074,11584.83,10662.92052,4,8,54,75,19,8,7,36,70,21,29,11,10,7
43075,11878.4333,11004.02086,3,3,75,96,30,3,6,46,80,18,40,1,11,4
43076,13540.98,11350.23312,4,7,8,75,17,1,7,32,65,14,32,2,4,3
43077,16501.9717,11881.64672,5,4,8,56,16,6,4,28,35,12,16,5,5,8
43078,16007.4367,12967.7674,15,6,78,85,22,10,15,65,84,31,47,4,13,8
43079,15142.8342,13902.73034,5,12,68,82,17,11,4,63,83,22,46,5,7,5
43080,14869.805,14614.33118,6,2,44,63,19,7,6,42,57,9,27,3,5,7
43081,16762.1167,15212.60552,13,9,22,64,16,7,4,50,58,17,29,6,7,4
43082,17276.3933,15856.83286,8,1,42,63,22,7,6,38,66,13,23,10,4,6
43083,16808.3667,16011.71718,6,1,15,60,14,9,4,66,56,22,26,4,12,8
43084,16678.892,16171.90318,1,4,5,65,11,6,3,31,54,21,19,5,4,5
43085,17771.9,16479.11474,4,1,4,32,5,4,6,14,44,8,13,3,3,6
43086,19498.6833,17059.53374,10,16,50,123,15,13,7,54,107,39,67,6,12,19
43087,19289.785,17606.84706,3,2,25,78,12,6,6,40,60,26,34,5,5,3
43088,18961.8567,18009.5254,9,4,18,100,19,10,9,42,84,13,31,6,9,4
43089,17737.1117,18440.2234,25,10,23,194,22,13,10,95,128,56,69,13,10,14
43090,16026.2717,18651.86734,19,10,64,179,33,14,7,79,139,46,75,11,18,11
43091,16047.51,18302.74168,4,4,62,155,25,2,6,74,126,57,62,5,13,14
43092,15190.945,17612.50702,12,2,128,152,34,9,40,57,127,42,63,4,10,13
43093,15360.2617,16792.73902,5,10,179,164,26,13,21,68,133,50,73,10,19,9
43094,13949.175,16072.42002,4,2,6,62,5,3,2,17,33,17,18,4,4,9
43095,14119.0283,15314.83268,1,5,14,54,5,10,6,24,44,15,18,6,3,1
43096,15999.0483,14933.384,5,1,36,54,9,7,6,25,67,11,33,12,7,6
43097,15589.3217,14923.69166,7,3,126,107,34,11,6,45,103,33,45,17,20,6
43098,14380.5817,15003.367,8,12,113,131,30,7,11,46,115,55,103,13,11,7
43099,14640.14,14807.431,6,4,22,55,10,14,7,26,71,10,27,6,8,4
43100,13215.574,14945.624,1,6,79,85,17,12,3,49,81,22,46,5,5,7
43101,14165.575,14764.93314,1,2,97,50,5,4,6,25,46,14,26,0,7,9
43102,13812.1867,14398.23848,12,7,91,131,26,5,9,73,115,29,60,9,11,8
43103,15005.8567,14042.81148,7,14,89,113,24,24,7,54,88,27,53,5,16,4
43104,15053.2617,14167.86648,4,2,47,87,14,29,5,38,71,19,30,11,8,3
43105,15199.355,14250.49082,13,9,33,118,14,14,5,54,99,33,46,13,9,8
43106,17174.12,14647.24702,9,2,122,91,18,16,1,20,75,17,28,2,5,8
43107,17319.198,15248.95602,7,6,36,79,6,9,4,38,63,28,34,8,6,5
43108,16651.4717,15950.35828,10,1,107,117,26,9,9,51,99,33,41,9,7,7
43109,15265.9067,16279.48128,10,6,26,58,8,6,2,28,49,18,21,3,5,4
43110,14714.2533,16322.01028,16,7,43,77,10,3,3,37,59,17,27,6,9,9
43111,15126.3983,16224.98994,7,3,128,119,25,9,9,48,91,22,53,2,10,5
43112,13296.794,15815.4456,4,3,28,44,9,5,5,28,39,19,23,8,2,4
43113,13912.882,15010.9648,15,10,149,121,35,15,7,66,112,46,73,14,15,6
43114,14499.7733,14463.24686,0,5,19,62,10,7,6,32,40,17,32,2,4,2
43115,13852.92,14310.02018,4,4,38,73,16,2,5,42,45,23,36,6,11,4
43116,14012.196,14137.75352,6,6,9,57,14,7,4,28,63,24,37,6,6,5
43117,11180.9983,13914.91306,12,2,25,71,8,8,4,28,39,11,23,9,9,2
43118,11116.9467,13491.75392,3,17,59,85,24,9,5,56,67,29,45,6,12,6
43119,11345.4233,12932.56686,2,2,20,44,11,5,5,19,21,16,19,2,5,1
43120,11422.44,12301.69686,2,2,20,30,7,1,2,10,20,0,16,1,1,0
43121,12950.7933,11815.60086,3,2,96,67,7,4,4,23,48,24,49,0,8,1
43122,11505.228,11603.32032,8,2,121,80,18,10,6,31,64,20,30,1,6,3
43123,10544.5933,11668.16626,2,4,108,77,21,7,8,21,45,16,29,5,5,1
43124,11223.064,11553.69558,10,7,40,103,14,4,6,49,66,21,40,4,3,9
43125,11282.2583,11529.22372,11,10,405,180,26,11,17,74,137,53,119,9,9,10
43126,11214.44,11501.18738,2,7,75,40,12,6,20,13,29,14,19,1,3,4
43127,10969.815,11153.91672,7,1,31,29,14,3,0,22,25,8,17,3,2,2
43128,11524.7767,11046.83412,9,5,29,70,12,9,2,32,63,12,35,6,7,6
43129,11765.71,11242.8708,4,3,12,42,18,2,10,40,43,11,16,1,4,6
43130,11212.655,11351.4,6,2,30,67,16,4,5,31,48,28,30,2,7,7
43131,10184.0617,11337.47934,4,3,218,84,18,3,5,29,59,22,37,5,5,6
43132,10125.0133,11131.40368,10,4,19,74,15,4,8,33,62,7,27,2,4,5
43133,9083.2583,10962.44334,4,0,7,41,13,5,1,26,34,17,14,5,3,3
43134,8901.9017,10474.13966,6,2,7,47,13,3,4,12,42,9,14,5,2,4
43135,9076.6783,9901.378,3,2,3,46,10,15,1,21,35,19,17,6,2,6
43136,8400.6483,9474.18266,9,5,19,79,17,22,7,27,65,24,22,9,7,11
43137,6838.8167,9117.49998,9,10,23,85,39,12,5,25,68,19,39,6,9,6
43138,7685.6333,8460.26066,6,4,18,30,13,5,6,11,29,12,19,3,4,1
43139,8099.9583,8180.73566,4,5,48,66,17,17,2,43,76,12,43,6,13,7
43140,8240.5367,8020.34698,8,2,66,67,30,8,11,40,66,25,42,9,7,3
43141,8535.5167,7853.11866,7,3,9,67,13,5,5,32,49,9,35,8,4,8
43142,8319.8766,7880.09234,3,4,24,35,11,7,3,15,36,15,20,1,2,1
43143,8343.455,8176.30432,5,1,14,62,20,6,4,48,68,27,26,7,9,9
43144,8811.3433,8307.86866,5,2,47,55,12,2,3,18,44,14,24,5,3,2
43145,8597.7675,8450.14566,6,1,12,53,13,4,2,31,61,17,41,5,5,7
43146,9334.6333,8521.59182,17,7,192,139,18,5,10,44,122,39,96,5,13,7
43147,9977.154,8681.41514,3,3,87,48,19,0,3,20,36,10,38,3,8,2
43148,10127.1617,9012.87062,5,8,8,39,9,4,4,16,29,7,15,1,5,1
43149,10841.9917,9369.61196,0,7,0,45,11,2,2,35,50,12,17,1,5,2
43150,10503.2983,9775.74164,1,0,10,20,17,2,1,11,25,9,12,3,1,5
43151,11110.965,10156.8478,0,5,1,23,7,4,6,24,28,7,15,3,4,6
43152,11390.3917,10512.11414,3,2,29,50,17,2,2,18,45,12,27,3,2,4
43153,10532.7917,10794.76168,7,2,43,58,11,13,1,27,45,12,29,3,7,14
43154,9931.0717,10875.88768,6,3,9,37,6,2,1,22,45,8,23,3,15,4
43155,10162.1167,10693.70368,5,2,0,40,6,3,3,33,32,9,15,6,8,3
43156,9697.956,10625.46736,3,2,51,48,10,4,4,13,34,15,19,5,4,2
43157,9696.5933,10342.86556,4,2,11,47,14,11,5,30,43,21,20,2,5,5
43158,10348.6033,10004.10588,7,4,106,77,20,9,8,23,65,23,34,5,6,5
43159,10763.8833,9967.2682,6,8,158,93,21,6,7,19,63,15,37,3,4,12
43160,10370.165,10133.83052,5,1,40,23,2,0,5,16,27,7,15,4,1,5
43161,11009.3817,10175.44018,3,3,70,50,13,8,8,26,56,15,30,9,3,6
43162,11055.815,10437.72532,5,1,35,35,7,5,3,16,34,7,26,3,7,1
43163,11326.9483,10709.56966,0,3,8,24,4,4,6,8,21,3,12,1,1,1
43164,11430.1817,10905.23866,6,1,78,39,22,7,5,27,49,15,32,1,6,6
43165,11595.54,11038.49834,5,6,127,67,19,11,14,36,85,13,42,7,2,1
43166,10763.1983,11283.57334,4,6,58,86,18,6,6,33,39,10,32,7,8,3
43167,10118.058,11234.33666,4,6,16,30,12,2,7,19,24,2,7,0,5,3
43168,9429.1117,11046.78526,6,3,11,37,12,2,8,17,40,7,23,2,2,0
43169,9089.2783,10667.21794,2,1,12,22,3,3,3,11,23,4,10,1,1,2
43170,8746.002,10199.03726,5,1,1,20,3,9,2,17,36,6,7,5,0,4
43171,9761.3967,9629.12966,3,2,21,35,17,6,5,22,37,9,19,4,12,1
43172,9182.8433,9428.76934,6,6,17,41,20,2,8,28,45,11,13,5,3,3
43173,9154.7,9241.7264,8,8,94,82,23,10,5,27,65,33,50,4,7,4
43174,8151.5317,9186.84406,3,6,3,67,16,6,9,42,53,29,47,6,7,4
43175,8358.1217,8999.29474,2,4,81,69,15,3,4,40,58,19,27,2,6,4
43176,8530.402,8921.71868,6,6,30,62,8,7,0,26,41,23,24,3,5,3
43177,7993.6746,8675.51974,18,9,167,162,15,6,8,51,109,36,63,8,7,9
43178,8171.415,8437.686,3,0,55,46,10,5,9,28,53,12,22,2,3,3
43179,8412.0333,8241.029,4,4,2,55,26,1,3,28,49,7,13,2,7,3
43180,8986.9483,8293.12932,1,4,26,38,12,5,1,15,41,10,23,4,3,2
43181,8947.7533,8418.89464,2,3,15,36,17,4,6,26,52,15,16,2,5,0
43182,8690.4083,8502.3649,1,5,71,47,9,5,2,20,38,13,31,2,4,2
43183,8686.8267,8641.71164,3,1,132,91,10,7,5,30,64,25,78,5,8,6
43184,8662.3783,8744.79398,0,4,96,68,7,8,1,19,60,26,52,2,3,5
43185,8617.2967,8794.86298,2,9,141,80,12,7,6,31,91,18,34,4,17,6
43186,8197.5483,8720.93266,4,5,46,80,11,4,10,38,66,15,44,4,6,10
43187,7876.195,8570.89166,7,6,34,65,20,5,5,42,45,19,26,2,7,5
43188,7960.38,8408.049,11,10,105,101,7,9,6,27,69,18,46,7,8,5
43189,7172.28,8262.75966,8,8,68,70,10,8,4,35,47,18,37,3,4,3
43190,6882.5317,7964.74,11,6,166,120,9,6,8,37,71,15,59,15,7,5
43191,6935.48,7617.787,9,5,123,96,9,8,6,33,80,29,49,4,10,6
43192,6794.105,7365.37334,8,5,122,71,24,10,4,30,53,24,34,8,13,4
43193,7035.8483,7148.95534,0,3,111,89,18,10,4,36,90,24,52,8,11,5
43194,7410.435,6964.049,4,2,19,26,13,3,2,17,32,11,16,3,4,3
43195,6787.7617,7011.68,4,4,2,41,10,7,4,36,38,15,23,0,6,3
43196,6826.51,6992.726,1,0,1,23,7,6,7,12,27,7,8,2,1,2
43197,6603.8767,6970.932,7,5,7,34,3,3,1,22,35,11,11,3,4,4
43198,6927.688,6932.88634,3,4,6,42,8,4,3,23,47,10,15,1,5,5
43199,7017.6567,6911.25428,2,2,5,19,14,8,5,14,24,8,5,4,1,0
43200,6699.2733,6832.69862,3,5,46,49,11,4,7,24,45,14,21,1,5,7
43201,6787.5717,6815.00094,4,0,3,47,4,1,3,27,32,15,21,4,5,6
43202,6926.2667,6807.21328,4,4,5,36,13,3,1,16,40,13,11,3,4,2
43203,7847.845,6871.69128,3,0,29,62,12,4,0,19,47,15,28,8,5,3
43204,7895.4083,7055.72268,2,1,60,65,7,5,3,19,47,13,29,7,3,3
43205,8036.5111,7231.273,5,4,131,70,25,5,6,32,54,21,37,4,8,5
43206,8340.7483,7498.72056,4,3,68,49,10,7,5,32,41,11,26,2,6,9
43207,8043.8033,7809.35588,2,4,95,61,14,8,8,21,49,22,43,1,5,5
43208,7895.4169,8032.8632,1,5,72,58,9,2,7,21,41,12,32,6,5,0
43209,8164.9374,8042.37758,4,5,35,52,10,6,8,27,31,14,16,4,5,0
43210,8254.625,8096.2834,6,1,1,17,6,2,1,13,14,5,15,2,5,1
43211,8852.7183,8139.90618,2,1,18,36,7,5,1,12,35,15,17,4,5,2
43212,8807.205,8242.30018,1,1,34,37,8,1,3,13,35,9,18,2,4,1
43213,8838.5483,8394.98052,2,1,7,20,9,1,2,14,29,12,9,2,2,1
43214,8933.8617,8583.6068,3,5,53,73,10,10,7,36,52,14,32,3,3,3
43215,9555.542,8737.39166,3,3,66,44,11,7,4,26,48,15,34,11,3,2
43216,8995.5067,8997.57506,7,3,76,47,5,3,4,20,48,13,31,3,0,0
43217,9258.3983,9026.13274,4,2,39,59,6,7,2,35,39,24,30,4,11,3
43218,9010.32,9116.3714,2,3,75,59,6,5,1,13,42,9,32,5,7,6
43219,9326.1733,9150.72574,7,1,67,45,14,6,3,14,40,18,19,3,2,8
43220,9334.2817,9229.18806,2,3,6,28,16,0,2,19,23,10,12,3,6,1
43221,9259.57,9184.936,3,3,3,43,17,6,5,37,40,10,15,4,3,1
43222,9075.1367,9237.74866,4,2,119,91,20,7,5,46,73,33,46,8,6,4
43223,9221.426,9201.09634,3,4,1,31,12,4,6,20,41,10,15,1,3,0
43224,9639.2683,9243.31754,2,2,57,53,21,8,3,29,53,27,41,4,4,1
43225,9710.73,9305.93654,4,6,52,47,10,4,4,31,36,10,34,1,3,1
43226,9803.3067,9381.2262,7,2,98,92,21,1,7,36,63,23,48,2,9,0
43227,9630.1363,9489.97354,4,2,37,67,17,5,6,20,45,21,29,7,5,5
43228,9345.69,9600.97346,6,8,26,87,24,12,7,52,106,28,41,5,6,6
43229,9228.6083,9625.82626,7,5,38,64,11,2,4,34,60,16,20,7,8,6
43230,9322.0417,9543.69426,4,7,71,61,13,2,1,20,46,12,32,6,1,5
43231,9101.4833,9465.9566,7,3,50,66,10,4,1,25,58,22,28,7,5,10
43232,8468.788,9325.59192,3,6,10,23,6,3,2,18,14,3,11,2,1,3
43233,8484.3467,9093.32226,11,3,33,75,12,2,4,33,45,10,25,3,9,3
43234,8727.6517,8921.0536,8,8,384,186,50,8,15,38,127,56,93,4,6,5
43235,8652.0383,8820.86228,7,5,54,74,21,7,4,30,32,15,35,4,3,3
43236,8511.458,8686.8616,6,5,12,34,9,5,7,23,46,20,12,3,2,2
43237,8340.7033,8568.85654,4,2,14,23,6,2,0,11,27,9,8,4,1,2
43238,8106.1183,8543.2396,1,1,11,31,10,1,2,41,41,13,21,1,4,6
43239,8240.055,8467.59392,2,1,0,15,2,0,3,10,26,7,4,0,1,3
43240,8223.2883,8370.07458,4,2,59,41,5,6,3,19,46,9,19,1,0,5
43241,8507.4067,8284.32458,1,0,18,27,11,2,1,10,40,7,17,1,1,1
43242,8385.5562,8283.51432,5,2,3,41,14,11,1,41,50,8,28,4,8,4
43243,8015.58,8292.4849,1,6,7,64,17,6,4,23,59,24,35,11,6,2
43244,7555.74,8274.37724,2,1,10,35,11,2,3,27,40,18,14,1,5,3
43245,7566.1933,8137.51424,3,1,45,43,16,3,3,24,50,21,38,0,4,5
43246,7445.2383,8006.09524,9,5,35,57,10,3,0,28,54,17,27,2,3,2
43247,7342.9083,7793.66156,2,6,5,31,9,4,5,28,55,12,14,1,6,3
43248,7361.8317,7585.13198,7,7,20,55,12,6,6,34,51,10,25,5,10,7
43249,7130.5417,7454.38232,7,2,82,59,15,2,4,27,60,14,43,8,9,8
43250,7459.8767,7369.34266,7,17,56,79,22,1,7,35,61,21,44,6,10,3
43251,7385.395,7348.07934,1,2,9,27,6,6,8,24,30,5,16,3,1,3
43252,7491.434,7336.11068,1,4,45,51,8,8,4,36,44,19,34,6,3,7
43253,7535.1467,7365.81582,5,4,47,30,9,3,3,15,43,12,27,7,4,2
43254,7645.1467,7400.47882,2,3,8,29,9,3,0,11,27,8,8,1,0,2
43255,7699.886,7503.39982,1,1,17,38,7,2,4,17,17,13,17,2,4,1
43256,7500.2733,7551.40168,1,6,45,46,17,1,1,22,42,14,23,1,1,2
43257,7615.7221,7574.37734,1,2,14,65,23,4,3,24,31,16,14,5,6,0
43258,7655.6133,7599.23496,0,2,3,26,2,0,0,9,21,4,6,3,1,2
43259,7676.2717,7623.32828,3,1,5,52,7,7,10,25,52,18,24,1,3,4
43260,7620.1533,7629.55328,2,2,8,34,6,1,3,19,28,6,11,3,5,2
43261,7564.4083,7613.60674,8,5,35,66,11,6,3,21,60,14,29,4,4,5
43262,6776.8883,7626.43374,3,5,40,81,11,10,6,25,69,14,31,3,3,2
43263,6875.6783,7458.66698,4,7,57,122,33,4,3,77,85,40,42,10,11,7
43264,6535.0817,7302.67998,2,5,12,82,17,7,4,80,78,29,34,6,12,2
43265,6315.7,7074.44198,8,1,11,54,25,4,5,35,52,9,24,4,8,4
43266,6647.0133,6813.55132,5,1,2,54,11,8,14,39,48,33,23,5,12,6
43267,6434.088,6630.07232,0,3,5,33,8,1,1,16,39,6,14,14,1,2
43268,6509.4267,6561.51226,7,4,32,55,13,6,3,43,64,19,34,14,8,5
43269,6464.4117,6488.26194,4,2,7,66,10,5,2,32,36,9,22,2,4,2
43270,6713.488,6474.12794,6,6,2,68,10,7,5,45,63,22,25,8,8,8
43271,6737,6553.68554,2,6,16,49,6,3,7,25,41,11,16,10,3,1
43272,6714.7183,6571.68288,4,4,7,44,12,12,12,75,72,33,43,5,16,5
43273,6733.9017,6627.80894,4,3,2,31,22,1,5,24,38,8,22,5,4,2
43274,6332.5733,6672.70394,4,5,22,32,5,1,6,10,32,11,17,4,3,0
43275,6141.6058,6646.33626,1,1,35,55,13,9,2,40,51,23,33,1,6,7
43276,6037.0083,6531.95982,1,5,25,65,22,7,6,21,62,17,24,7,2,3
43277,6211.4475,6391.96148,2,5,1,24,10,0,1,21,29,12,16,3,2,3
43278,6218.595,6291.30732,3,1,27,32,14,2,1,22,29,14,23,1,6,2
43279,6105.295,6188.24598,6,3,42,37,10,3,0,18,30,16,21,5,4,3
43280,6107.8962,6142.79032,11,1,42,59,10,2,5,18,47,24,25,2,5,4
43281,5908.7025,6136.0484,3,6,5,30,10,3,2,27,35,13,16,3,9,14
43282,6381.3908,6110.38724,2,6,6,28,7,2,2,10,31,11,14,2,5,3
43283,6374.7542,6144.3759,4,6,1,34,4,3,7,26,23,5,17,2,4,1
43284,6466.0692,6175.60774,5,0,6,24,17,6,5,24,34,16,10,4,8,4
43285,6613.6858,6247.76258,4,6,3,24,13,3,5,25,31,12,21,3,4,1
43286,6593.2892,6348.9205,0,6,4,24,15,1,4,21,21,10,14,4,3,1
43287,6603.3767,6485.83784,6,10,6,29,17,6,4,23,31,12,20,7,5,2
43288,6569.4962,6530.23502,1,1,9,28,5,1,3,28,34,10,15,0,2,2
43289,6594.2817,6569.18342,5,5,20,104,10,9,4,50,99,41,37,7,13,9
43290,6753.5592,6594.82592,3,6,11,65,36,1,10,39,66,25,28,4,6,6
43291,6723.8725,6622.8006,0,7,8,27,16,1,6,23,26,14,18,0,5,5
43292,6510.7917,6648.91726,5,12,2,33,12,4,1,18,23,6,19,7,4,0
43293,6377.3633,6630.40026,2,5,3,36,10,2,2,33,38,15,11,0,4,3
43294,6233.595,6591.97368,1,4,0,27,19,2,4,33,52,16,11,0,3,2
43295,6244.3575,6519.83634,3,1,4,18,12,2,4,23,26,8,14,5,1,3
43296,6241,6417.996,5,1,2,15,5,2,4,6,18,6,6,0,4,3
43297,6316.8817,6321.4215,3,2,1,35,9,5,9,17,42,18,9,4,2,4
43298,6514.3908,6282.6395,2,1,3,45,14,1,2,26,29,16,24,5,8,1
43299,6869.9108,6310.045,2,3,6,62,10,3,7,30,48,10,26,2,3,2
43300,7398.6617,6437.30816,3,3,9,32,10,3,0,27,33,8,12,2,4,7
43301,7396.4017,6668.169,7,8,68,84,15,2,3,35,58,22,39,8,6,1
43302,7428.045,6899.24934,6,3,2,38,6,3,2,16,23,13,8,2,6,3
43303,7352.4954,7121.482,2,7,6,78,15,4,1,32,71,18,24,2,9,3
43304,7451.2892,7289.10292,3,3,9,23,14,1,1,14,13,11,16,3,1,3
43305,7689.8842,7405.3786,17,6,2,53,19,5,2,52,77,22,39,3,8,16
43306,8112.93,7463.6231,6,7,2,15,20,5,2,17,18,3,10,4,5,3
43307,8251.165,7606.92876,3,3,2,66,13,6,8,37,55,13,19,5,5,3
43308,8187.3242,7771.55276,3,5,2,33,11,7,0,9,25,8,18,2,2,0
43309,8025.2575,7938.51852,2,3,71,59,16,3,15,36,57,13,26,1,5,3
43310,8182.2517,8053.31218,2,1,5,20,5,2,1,20,21,6,21,1,4,1
43311,8206.3417,8151.78568,1,3,9,23,8,3,6,25,33,9,18,1,3,3
43312,8143.1483,8170.46802,3,2,4,49,21,7,3,38,49,21,21,4,5,5
43313,7916.8008,8148.86468,2,8,5,37,5,2,2,27,33,9,12,4,8,4
43314,7570.8692,8094.76,2,0,1,32,16,4,2,13,34,10,10,4,0,3
43315,7593.1492,8003.88234,5,3,3,43,7,3,4,17,40,16,25,1,1,6
43316,7394.4992,7886.06184,5,3,3,36,6,4,3,13,27,11,17,3,1,4
43317,7247.7692,7723.69334,0,0,2,11,1,3,2,12,17,10,15,1,2,3
43318,6998.7183,7544.61752,3,2,14,27,7,2,1,20,21,9,14,3,4,0
43319,6988.0792,7361.00102,3,4,72,74,15,6,4,21,52,18,30,2,4,1
43320,6993.5133,7244.44302,2,3,3,61,22,5,3,27,38,11,19,7,1,3
43321,6450.3669,7124.51584,7,1,0,28,9,3,4,22,31,18,17,2,2,1
43322,6396.7725,6935.68938,7,5,9,114,18,11,7,85,103,54,56,6,16,8
43323,6396.4947,6765.49004,6,5,4,72,5,6,9,41,48,24,28,3,1,7
43324,6195.6533,6645.04532,2,3,6,80,7,1,4,40,55,25,26,5,3,4
43325,6311.1317,6486.56014,10,15,8,96,8,7,11,85,86,45,37,5,14,4
43326,6347.07,6350.08382,6,6,3,60,6,5,9,27,50,15,20,1,5,6
43327,6050.9425,6329.42444,7,6,40,86,15,9,5,34,60,15,31,7,5,5
43328,6362.6769,6260.25844,5,7,26,78,12,5,7,34,71,22,43,6,3,4
43329,6342.6292,6253.49488,4,1,18,69,13,9,10,32,57,21,28,4,11,11
43330,6476.9,6282.89006,6,6,4,48,14,7,16,21,34,19,23,5,3,7
43331,6436.7208,6316.04372,4,3,12,45,26,2,2,20,38,15,14,2,7,1
43332,6404.0633,6333.97388,11,6,74,54,21,3,6,36,63,17,32,4,4,2
43333,6434.5592,6404.59804,1,3,4,41,9,5,0,25,38,19,22,5,2,3
43334,6401.2462,6418.9745,4,6,27,54,14,4,4,17,39,17,23,3,6,2
43335,6575.2292,6430.6979,7,8,72,62,14,6,4,51,53,19,44,7,7,5
43336,6434.8817,6450.36374,7,6,5,37,20,2,6,29,41,13,16,3,6,1
43337,6543.6457,6449.99592,6,4,15,67,7,3,3,69,47,38,34,10,8,9
43338,6719.4292,6477.9124,4,7,20,47,11,6,10,36,51,30,27,3,6,5
43339,6673.2742,6534.8864,1,12,10,71,11,4,4,43,64,19,25,5,7,9
43340,6719.2662,6589.292,6,10,6,72,24,5,10,44,58,15,23,6,7,4
43341,7000.04,6618.0994,5,12,5,36,15,3,7,28,49,21,17,4,7,10
43342,7054.2764,6731.13106,2,7,21,74,12,3,3,48,67,21,34,2,5,8
43343,6932.6625,6833.2572,9,17,43,92,20,13,11,58,88,34,51,9,13,9
43344,6981.9462,6875.90386,5,4,28,72,5,5,6,33,65,22,16,4,6,1
43345,7100.9467,6937.63826,14,2,72,56,11,11,8,28,59,15,23,2,5,4
43346,7247.9354,7013.97436,12,14,8,211,12,12,10,79,143,61,61,10,14,12
43347,7260.9492,7063.55344,4,10,11,77,18,6,5,43,67,21,23,7,4,4
43348,7326.8525,7104.888,6,7,36,105,30,12,12,64,84,31,39,15,12,12
43349,7113.0692,7183.726,9,4,50,102,9,10,5,33,76,52,35,9,6,10
43350,6433.2717,7209.9506,2,6,41,86,12,6,5,48,54,44,45,5,7,4
43351,6444.8042,7076.4156,10,6,25,49,21,5,10,39,64,32,43,5,11,6
43352,6366.1075,6915.78936,12,9,4,157,10,13,9,65,114,39,45,10,13,7
43353,6286.4258,6736.82102,4,3,2,69,12,5,7,49,50,15,25,5,2,6
43354,6297.8777,6528.73568,6,10,45,66,25,14,13,40,93,46,34,14,4,5
43355,6296.3208,6365.69738,6,6,2,105,19,6,7,73,117,41,36,13,14,2
43356,6273.1375,6338.3072,4,4,2,37,18,7,3,24,33,14,20,2,5,3
43357,6450.1792,6303.97386,4,6,78,49,9,3,8,20,50,11,37,9,6,5
43358,6499.0625,6320.7882,6,6,11,92,20,6,7,53,81,20,52,4,6,8
43359,6518.655,6363.31554,6,7,5,49,14,5,2,47,59,25,36,2,5,7
43360,6480.6442,6407.471,3,3,5,68,17,7,4,27,49,13,28,5,8,5
43361,6400.6008,6444.33568,2,14,31,112,22,12,5,81,105,46,39,7,11,7
43362,6296.6317,6469.82834,5,10,2,73,63,11,2,64,81,32,20,5,5,10
43363,6335.8267,6439.11884,7,3,1,48,11,5,4,20,39,10,17,3,6,2
43364,6418.5627,6406.47168,6,11,3,70,13,15,3,30,75,25,22,8,9,8
43365,6669.9908,6386.45322,3,3,1,36,6,1,4,21,43,17,20,4,3,3
43366,6709.3125,6424.32254,2,2,1,24,4,3,1,16,25,6,16,2,1,1
43367,6710.445,6486.06488,4,2,2,23,4,5,0,10,28,7,6,1,7,0
43368,6639.3042,6568.82754,6,9,2,59,20,8,4,40,64,25,34,9,14,6
43369,6412.4592,6629.52304,5,7,8,106,27,5,4,58,78,29,59,11,9,5
43370,6468.6317,6628.30234,3,8,2,69,26,18,3,44,50,27,29,7,5,8
43371,6535.4767,6588.03052,0,7,11,46,12,6,2,17,36,9,20,2,6,2
43372,6677.3425,6553.26336,1,8,2,37,11,3,3,22,42,18,16,2,3,6
43373,6550.4742,6546.64286,3,4,4,69,8,12,5,64,66,26,39,6,14,6
43374,6593.135,6528.87686,4,1,0,22,13,2,0,14,23,17,12,1,4,2
43375,6590.9683,6565.01202,2,7,2,39,12,7,5,28,27,23,20,4,12,5
43376,6562.6417,6589.47934,3,8,5,46,9,8,2,31,38,18,25,4,5,3
43377,6470.4025,6594.91234,12,2,4,39,6,2,2,17,25,11,12,2,5,2
43378,6563.6283,6553.52434,6,6,3,46,32,0,4,35,54,21,26,3,7,2
43379,6568.5492,6556.15516,3,5,8,29,6,3,2,26,32,6,15,0,3,4
43380,6581.4867,6551.238,0,5,0,37,6,4,2,25,37,11,27,5,3,5
43381,6558.5375,6549.34168,5,7,27,98,8,11,5,38,87,31,51,8,9,9
43382,6618.5677,6548.52084,5,1,1,30,7,3,1,10,18,13,10,1,0,1
43383,6621.7117,6578.15388,9,8,6,65,23,2,3,18,47,19,15,2,5,8
43384,6563.0092,6589.77056,4,8,1,50,9,5,7,39,70,14,26,7,4,6
43385,6248.6358,6588.66256,5,6,1,20,3,1,7,20,35,10,5,5,4,3
43386,6260.5308,6522.09238,5,3,1,22,7,6,3,23,26,4,19,0,2,1
43387,6260.6458,6462.49104,4,0,0,30,3,4,2,12,29,10,10,3,2,3
43388,6299.3992,6390.90666,6,5,1,44,10,4,5,24,48,13,21,5,6,3
43389,6452.5717,6326.44416,4,2,10,33,16,9,5,26,35,11,17,3,0,4
43390,6596.6183,6304.35666,2,6,1,49,7,5,5,28,40,21,25,5,4,2
43391,6596.2762,6373.95316,2,1,0,39,7,2,2,23,38,14,15,4,8,4
43392,6568.0408,6441.10224,4,9,2,52,7,1,5,35,41,21,27,1,6,4
43393,6487.4442,6502.58124,2,3,1,28,3,2,1,19,27,6,14,5,2,1
43394,6488.8258,6540.19024,3,1,1,52,4,2,1,17,29,15,17,2,0,3
43395,6531.6017,6547.44106,4,2,1,31,12,2,3,16,34,10,8,6,4,10
43396,6498.4858,6534.43774,2,0,1,20,8,4,6,17,53,20,19,0,7,3
43397,6481.426,6514.87966,1,3,1,41,8,1,7,29,42,10,18,1,5,2
43398,6508.31,6497.5567,3,4,5,48,19,5,3,49,43,15,21,2,4,8
43399,6478.0825,6501.72986,8,6,7,52,13,5,6,48,56,19,22,4,7,2
43400,6473.7533,6499.5812,3,10,4,37,2,5,1,24,25,12,11,5,2,4
43401,6465.9175,6488.01152,1,5,1,50,5,6,12,41,53,14,16,1,3,8
43402,6448.2217,6481.49786,6,4,3,56,10,7,3,31,48,14,18,5,5,7
43403,6382.6683,6474.857,5,7,6,38,8,6,4,13,43,4,18,1,8,2
43404,6309.4529,6449.72866,2,3,2,19,16,5,3,28,31,12,15,4,4,2
43405,6310.2842,6416.00274,2,6,2,57,10,4,3,27,47,12,19,3,3,6
43406,6342.2808,6383.30892,5,5,22,59,16,2,6,36,46,13,20,6,6,5
43407,6387.6742,6358.58158,8,9,12,87,12,9,7,76,77,30,21,4,11,7
43408,6363.7958,6346.47208,8,8,8,53,15,6,8,46,55,21,31,12,8,8
43409,6391.8733,6342.69758,5,7,8,56,16,2,2,36,51,13,26,15,4,7
43410,6436.965,6359.18166,5,5,7,84,28,4,2,52,53,35,28,2,9,5
43411,6445.3542,6384.51782,6,9,4,63,13,1,3,35,54,22,34,0,4,5
43412,6538.79,6405.1325,5,5,12,66,10,6,2,37,57,19,21,2,9,8
43413,6486.2517,6435.35566,4,3,2,42,7,5,1,23,28,10,13,5,5,2
43414,6411.2808,6459.84684,3,6,9,52,5,2,5,18,44,15,16,1,2,2
43415,6399.0333,6463.72834,5,3,2,52,8,5,9,28,47,13,16,4,3,2
43416,6378.2683,6456.142,2,10,5,61,4,6,3,46,41,18,27,2,4,8
43417,6401.9367,6442.72482,5,5,5,52,20,10,5,27,47,16,12,1,4,2
43418,6372.0633,6415.35416,11,6,11,75,18,8,2,37,45,15,30,4,10,7
43419,6176.155,6392.51648,5,2,3,79,10,7,7,38,59,10,31,2,2,7
43420,5615.18,6345.49132,2,8,6,64,7,10,2,26,56,9,28,2,4,6
43421,5596.1925,6188.72066,4,6,16,43,6,12,3,24,39,16,26,3,0,5
43422,5558.2433,6032.3055,2,5,5,48,9,7,2,30,46,12,27,3,1,4
43423,5606.0442,5863.56682,3,14,9,93,14,9,7,59,78,45,28,15,11,7
43424,5303.9425,5710.363,4,13,8,79,29,7,10,34,84,24,24,21,9,3
43425,4671.97,5535.9205,6,2,3,75,20,9,1,41,52,11,29,5,3,2
43426,4533.6808,5347.2785,8,7,3,76,11,6,5,52,69,27,36,4,10,5
43427,4548.7975,5134.77616,1,1,1,19,17,2,2,7,9,5,6,0,1,0
43428,4309.3375,4932.887,4,0,1,24,4,1,0,8,18,6,3,0,0,1
43429,4293.8408,4673.54566,2,2,3,36,1,2,2,7,14,3,8,0,1,2
43430,3823.5117,4471.52532,2,0,7,34,10,0,2,5,20,5,11,2,3,0
43431,3920.5367,4301.83366,2,3,2,31,19,6,14,22,27,9,13,1,5,4
43432,3751.6683,4179.20484,4,2,5,37,8,1,5,22,40,11,14,2,7,2
43433,4103.4538,4019.779,1,1,1,33,7,1,6,19,31,15,21,2,3,0
43434,4263.7833,3978.60226,6,2,3,27,15,4,7,13,25,7,8,1,1,2
43435,4106.8717,3972.59076,4,2,3,18,4,2,0,20,33,3,8,2,2,4
43436,4116.7775,4029.26276,2,2,1,24,9,4,5,11,41,6,16,7,3,4
43437,4167.5467,4068.51092,4,8,3,23,17,3,3,13,24,3,8,3,7,4
43438,3967.5242,4151.6866,1,4,0,16,8,3,0,7,16,13,12,1,6,1
43439,3961.4933,4124.50068,6,5,4,56,13,5,13,39,39,16,18,2,5,4
43440,3858.3492,4064.04268,5,5,5,46,5,2,3,37,22,10,18,3,6,7
43441,3742.9433,4014.33818,1,5,19,45,9,2,3,15,35,3,18,4,0,3
43442,3405.6433,3939.57134,0,1,1,30,5,7,1,26,29,4,14,4,3,4
43443,3435.34,3787.19066,5,3,0,30,1,2,1,19,30,9,15,2,3,3
43444,3528.8033,3680.75382,3,1,0,33,11,0,3,23,26,5,18,4,4,2
43445,3523.96,3594.21582,4,4,3,46,12,2,3,24,45,8,20,1,3,4
43446,3426.19,3527.33798,2,11,11,41,2,10,4,16,36,8,18,5,4,3
43447,3462.04,3463.98732,2,8,4,65,15,4,1,37,52,15,20,3,5,6
43448,3406.7625,3475.26666,6,4,7,56,9,5,14,26,44,21,34,1,5,3
43449,3278.3742,3469.55116,2,2,2,25,5,3,2,13,24,5,9,3,4,2
43450,3225.2992,3419.46534,1,2,4,26,4,2,7,16,30,8,24,4,2,3
43451,3271.2383,3359.73318,3,8,7,64,13,7,4,63,90,21,30,15,5,13
43452,3392.405,3328.74284,6,6,2,95,21,15,3,35,78,30,39,4,16,5
43453,3567.47,3314.81584,3,5,2,46,7,3,2,27,45,20,12,8,12,3
43454,3808.0425,3346.95734,5,1,1,44,7,1,7,21,34,12,13,1,0,2
43455,3982.8508,3452.891,3,5,13,66,13,2,3,23,45,15,22,5,6,6
43456,4015.6092,3604.40132,2,3,4,54,12,6,3,33,52,12,20,5,5,2
43457,3910.9733,3753.2755,4,1,6,43,8,2,4,32,36,14,18,5,6,5
43458,4027.4783,3856.98916,1,2,24,47,5,1,3,24,32,12,24,1,5,2
43459,4178.5908,3948.99082,5,1,2,59,12,7,3,40,52,34,20,14,5,5
43460,3813.88,4023.10048,1,2,5,29,1,2,2,18,34,8,22,3,5,2
43461,3825.3792,3989.30632,9,4,8,116,14,14,17,61,74,29,42,8,11,25
43462,3747.8392,3951.26032,7,8,2,114,21,8,8,84,117,35,51,4,14,10
43463,3743.905,3918.6335,4,2,5,33,15,4,3,36,44,15,9,5,4,6
43464,3912.2858,3861.91884,2,4,0,28,5,3,0,16,30,9,15,1,2,1
43465,3832.9217,3808.65784,0,6,3,23,6,8,2,27,30,5,9,1,2,2
43466,3791.5458,3812.46618,0,2,0,20,8,1,1,12,11,2,7,0,2,0
43467,3752.2717,3805.6995,4,3,0,39,12,5,2,42,40,15,26,6,4,5
43468,3867.1383,3806.586,1,1,2,24,7,2,3,22,24,5,14,1,1,1
43469,3865.7975,3831.23266,1,1,11,25,8,4,1,17,33,9,11,1,6,2
43470,3822.6267,3821.935,0,1,0,31,9,3,4,20,44,16,19,1,5,2
43471,3868.4875,3819.876,1,2,0,31,2,1,4,9,29,6,13,1,0,1
43472,3920.4567,3835.26434,6,2,7,45,5,4,3,36,59,14,19,0,20,3
43473,4036.0933,3868.90134,4,5,1,39,4,2,1,26,24,6,5,2,2,5
43474,4035.855,3902.69234,0,1,0,10,4,0,1,4,10,1,6,2,1,0
43475,4034.1383,3936.70384,3,0,1,28,17,0,0,11,23,14,12,2,1,0
43476,3812.5858,3979.00616,3,3,0,48,9,9,5,28,48,23,20,4,5,4
43477,3656.7358,3967.82582,7,4,1,69,3,4,16,40,61,21,33,1,5,6
43478,3646.3458,3915.08164,1,0,0,21,2,4,1,21,23,5,9,2,1,1
43479,3599.8417,3837.13214,2,3,1,17,13,3,1,10,25,5,8,0,2,1
43480,3604.1175,3749.92948,1,3,0,18,2,0,2,10,18,9,7,3,4,7
43481,3656.785,3663.92532,0,3,2,14,12,2,2,12,22,4,8,3,5,0
43482,3621.2708,3632.76516,3,1,0,19,4,3,1,8,13,5,6,1,2,2
43483,3619.9642,3625.67216,4,5,3,55,13,1,4,13,48,16,24,1,4,4
43484,3632.395,3620.39584,4,3,8,39,4,1,4,29,39,11,18,3,1,1
43485,3690.5233,3626.9065,1,1,9,13,5,3,2,11,26,7,9,1,3,1
43486,3620.1275,3644.18766,2,3,7,25,9,3,1,28,28,8,28,2,2,4