Date,Topic2,Topic6,Topic8,Topic13,Topic17,Topic22,Topic23,Topic29,Topic36,Topic58,Topic66,Topic67,Topic69,Topic93,MA_PRICE,Price
12/9/17,6,5,16,59,11,6,4,47,64,11,24,4,6,1,0,4248.090017
13/9/17,5,3,10,58,23,11,5,36,57,20,22,5,9,5,0,4219.036617
14/9/17,8,7,3,101,13,9,16,33,72,22,39,6,8,11,0,3961.271267
15/9/17,3,7,9,65,10,5,5,27,41,10,19,6,6,5,0,3319.63
16/9/17,4,2,2,72,7,3,4,19,49,14,23,7,4,6,3904.458637,3774.265283
17/9/17,5,3,1,57,9,6,5,25,33,20,20,6,4,7,3807.565841,3763.62604
18/9/17,5,2,13,57,31,2,9,24,51,24,28,13,8,11,3712.970675,3746.060783
19/9/17,3,2,10,40,22,4,5,18,35,19,23,2,3,4,3739.379755,4093.316667
20/9/17,6,1,6,28,18,3,1,36,49,12,17,6,5,3,3864.136421,3943.413333
21/9/17,0,6,22,54,15,8,3,28,45,21,24,6,5,7,3904.795698,3977.561667
22/9/17,3,9,6,74,25,12,8,51,62,22,31,6,8,4,3883.850127,3658.898183
23/9/17,5,2,15,55,19,5,3,34,49,21,31,4,6,7,3862.13848,3637.50255
24/9/17,4,6,29,49,12,1,5,17,33,9,26,3,7,2,3798.752527,3776.3869
25/9/17,5,6,6,35,15,6,4,27,29,9,20,2,5,6,3750.67799,3703.04065
26/9/17,6,5,49,82,22,5,5,35,59,15,31,9,7,11,3743.676657,3942.555
27/9/17,4,3,26,46,21,3,9,28,45,14,24,4,1,2,3793.958497,3910.307383
28/9/17,0,8,11,66,19,7,13,37,49,19,29,1,11,5,3906.968983,4202.554983
29/9/17,0,4,19,69,11,5,7,11,41,13,27,1,10,3,3992.089413,4201.98905
30/9/17,7,3,31,59,7,6,10,45,66,31,37,3,11,10,4090.196217,4193.574667
1/10/17,1,3,25,35,14,3,0,23,28,16,14,6,3,4,4168.75888,4335.368317
2/10/17,6,4,36,63,22,6,2,33,63,10,27,7,12,6,4258.841997,4360.722967
3/10/17,2,6,7,37,24,5,13,14,42,12,11,8,5,1,4295.70775,4386.88375
4/10/17,3,5,9,63,12,5,7,48,40,21,32,3,6,10,4313.97126,4293.3066
5/10/17,5,2,9,50,11,6,3,40,66,8,19,4,8,7,4320.291327,4225.175
6/10/17,4,4,10,26,16,4,10,27,30,12,23,3,6,6,4320.988063,4338.852
7/10/17,3,2,2,32,16,2,3,12,22,6,12,3,2,2,4317.964137,4345.603333
8/10/17,2,2,4,43,5,1,0,13,31,8,12,1,8,4,4315.82572,4376.191667
9/10/17,4,8,46,55,21,3,3,27,46,21,20,6,9,10,4377.620577,4602.280883
10/10/17,2,3,27,61,16,11,2,35,50,21,25,4,10,5,4488.17914,4777.967817
11/10/17,3,2,36,35,11,4,8,19,26,9,12,0,11,7,4576.86474,4782.28
12/10/17,2,1,17,36,21,6,1,23,20,2,16,7,5,3,4671.641227,4819.485767
13/10/17,4,1,16,39,20,7,2,18,42,9,11,1,3,1,4861.42903,5325.130683
14/10/17,6,5,31,45,13,3,3,20,37,10,21,2,4,5,5053.734167,5563.806567
15/10/17,1,7,32,45,11,5,7,24,33,10,15,2,5,3,5246.02835,5739.438733
16/10/17,0,3,8,27,10,4,3,24,31,6,15,2,4,4,5419.034683,5647.311667
17/10/17,7,5,17,37,7,4,6,16,32,8,18,2,5,6,5597.378703,5711.205867
18/10/17,3,3,20,40,29,2,5,51,51,14,20,4,5,6,5653.095155,5603.71294
19/10/17,3,8,2,50,18,5,33,26,44,16,21,6,8,5,5649.569061,5546.1761
20/10/17,18,11,43,84,39,9,11,47,83,22,30,7,5,10,5647.208015,5727.6335
21/10/17,7,5,54,62,22,2,6,25,51,14,26,4,5,6,5713.637649,5979.45984
22/10/17,5,1,18,32,7,1,2,14,35,6,9,1,5,2,5775.470813,6020.371683
23/10/17,5,3,1,38,24,4,2,22,37,11,15,2,1,12,5851.365135,5983.18455
24/10/17,7,8,2,55,11,3,6,50,55,15,32,4,3,4,5917.345888,5876.079867
25/10/17,2,4,1,59,23,5,10,38,31,14,19,7,4,5,5872.984741,5505.827767
26/10/17,1,3,8,35,17,4,3,22,27,10,12,0,4,2,5811.01728,5669.622533
27/10/17,7,3,7,31,13,1,3,17,18,10,6,1,0,1,5785.570627,5893.138417
28/10/17,6,2,2,33,9,1,7,33,41,13,14,3,5,6,5743.434713,5772.504983
29/10/17,2,0,6,26,2,4,1,8,18,4,6,0,1,0,5723.55813,5776.69695
30/10/17,1,4,2,13,6,2,2,12,15,9,9,3,0,1,5853.479381,6155.43402
31/10/17,3,3,19,58,15,1,5,17,46,15,14,7,2,3,5940.729718,6105.87422
1/11/17,0,0,9,27,6,4,2,11,19,6,13,0,4,3,6039.831068,6388.645167
2/11/17,3,7,105,103,21,7,7,58,84,34,33,7,8,5,6218.391408,6665.306683
3/11/17,9,8,78,81,19,4,4,34,76,21,33,3,6,4,6476.656038,7068.0201
4/11/17,3,2,24,45,20,10,3,20,61,9,23,2,5,4,6685.113246,7197.72006
5/11/17,3,2,13,36,3,7,2,14,16,3,8,2,3,1,6951.447065,7437.543317
6/11/17,5,4,11,46,9,5,7,32,39,8,15,3,4,1,7149.120505,7377.012367
7/11/17,6,10,13,43,9,5,19,24,39,11,24,2,7,4,7213.873502,6989.071667
8/11/17,4,2,56,70,19,7,15,25,68,17,26,4,11,7,7218.694929,7092.127233
9/11/17,1,1,2,35,27,1,2,17,27,14,18,1,2,2,7262.326567,7415.87825
10/11/17,4,1,1,59,14,3,7,34,56,27,28,3,3,1,7206.425315,7158.03706
11/11/17,8,7,54,63,12,3,7,34,65,22,43,6,8,2,7074.902412,6719.39785
12/11/17,7,8,94,112,19,6,7,60,103,27,55,6,11,8,6949.658285,6362.851033
13/11/17,7,2,37,63,43,4,5,31,47,21,40,10,1,5,6674.493155,5716.301583
14/11/17,2,3,23,58,34,9,6,29,54,14,24,6,11,2,6501.363012,6550.227533
15/11/17,6,5,16,77,15,4,10,34,48,14,33,6,4,2,6396.838126,6635.412633
16/11/17,5,3,41,53,18,4,3,19,40,15,33,2,10,4,6513.24454,7301.42992
17/11/17,7,3,8,44,7,0,3,37,47,19,18,0,6,7,6803.680474,7815.0307
18/11/17,6,1,24,35,3,1,2,25,28,2,11,4,1,1,7217.797031,7786.884367
19/11/17,2,4,5,30,5,1,2,15,21,7,15,3,2,2,7471.179601,7817.140383
20/11/17,2,1,16,42,13,10,7,32,49,12,18,4,6,3,7745.627887,8007.654067
21/11/17,5,3,7,46,7,2,2,23,25,9,11,4,2,4,7936.461267,8255.596817
22/11/17,0,4,1,42,17,8,5,27,34,18,19,2,6,3,7985.415127,8059.8
23/11/17,5,4,14,46,13,2,3,16,32,14,21,3,2,4,8081.645253,8268.035
24/11/17,3,5,32,44,8,2,4,25,47,21,16,3,5,4,8148.007177,8148.95
25/11/17,4,4,8,50,6,6,2,23,35,19,16,5,4,2,8196.67203,8250.978333
26/11/17,2,2,2,39,18,7,0,34,30,13,19,3,6,4,8287.03412,8707.407267
27/11/17,2,4,17,48,16,2,8,23,33,8,12,10,5,5,8531.90288,9284.1438
28/11/17,6,2,9,54,27,7,8,36,49,21,23,6,5,11,8821.95489,9718.29505
29/11/17,8,13,8,57,10,7,7,29,66,17,28,2,8,12,9182.666654,9952.50882
30/11/17,10,3,4,70,11,11,5,43,65,25,24,2,14,8,9508.336654,9879.328333
1/12/17,7,15,8,58,18,4,5,35,51,15,26,6,6,7,9796.329601,10147.372
2/12/17,24,1,208,76,5,3,8,29,58,10,38,4,8,7,10116.28324,10883.912
3/12/17,8,6,44,67,15,1,8,33,75,17,27,2,6,10,10386.8979,11071.36833
4/12/17,8,11,13,59,9,9,2,41,53,21,22,7,9,9,10662.92053,11332.622
5/12/17,4,8,54,75,19,8,7,36,70,21,29,11,10,7,11004.02087,11584.83
6/12/17,3,3,75,96,30,3,6,46,80,18,40,1,11,4,11350.23313,11878.43333
7/12/17,4,7,8,75,17,1,7,32,65,14,32,2,4,3,11881.64673,13540.98
8/12/17,5,4,8,56,16,6,4,28,35,12,16,5,5,8,12967.7674,16501.97167
9/12/17,15,6,78,85,22,10,15,65,84,31,47,4,13,8,13902.73033,16007.43667
10/12/17,5,12,68,82,17,11,4,63,83,22,46,5,7,5,14614.33116,15142.83415
11/12/17,6,2,44,63,19,7,6,42,57,9,27,3,5,7,15212.6055,14869.805
12/12/17,13,9,22,64,16,7,4,50,58,17,29,6,7,4,15856.83283,16762.11667
13/12/17,8,1,42,63,22,7,6,38,66,13,23,10,4,6,16011.71716,17276.39333
14/12/17,6,1,15,60,14,9,4,66,56,22,26,4,12,8,16171.90316,16808.36667
15/12/17,1,4,5,65,11,6,3,31,54,21,19,5,4,5,16479.11473,16678.892
16/12/17,4,1,4,32,5,4,6,14,44,8,13,3,3,6,17059.53373,17771.9
17/12/17,10,16,50,123,15,13,7,54,107,39,67,6,12,19,17606.84707,19498.68333
18/12/17,3,2,25,78,12,6,6,40,60,26,34,5,5,3,18009.5254,19289.785
19/12/17,9,4,18,100,19,10,9,42,84,13,31,6,9,4,18440.2234,18961.85667
20/12/17,25,10,23,194,22,13,10,95,128,56,69,13,10,14,18651.86733,17737.11167
21/12/17,19,10,64,179,33,14,7,79,139,46,75,11,18,11,18302.74167,16026.27167
22/12/17,4,4,62,155,25,2,6,74,126,57,62,5,13,14,17612.507,16047.51
23/12/17,12,2,128,152,34,9,40,57,127,42,63,4,10,13,16792.739,15190.945
24/12/17,5,10,179,164,26,13,21,68,133,50,73,10,19,9,16072.42,15360.26167
25/12/17,4,2,6,62,5,3,2,17,33,17,18,4,4,9,15314.83267,13949.175
26/12/17,1,5,14,54,5,10,6,24,44,15,18,6,3,1,14933.384,14119.02833
27/12/17,5,1,36,54,9,7,6,25,67,11,33,12,7,6,14923.69167,15999.04833
28/12/17,7,3,126,107,34,11,6,45,103,33,45,17,20,6,15003.367,15589.32167
29/12/17,8,12,113,131,30,7,11,46,115,55,103,13,11,7,14807.431,14380.58167
30/12/17,6,4,22,55,10,14,7,26,71,10,27,6,8,4,14945.624,14640.14
31/12/17,1,6,79,85,17,12,3,49,81,22,46,5,5,7,14764.93313,13215.574
1/1/18,1,2,97,50,5,4,6,25,46,14,26,0,7,9,14398.23847,14165.575
2/1/18,12,7,91,131,26,5,9,73,115,29,60,9,11,8,14042.81147,13812.18667
3/1/18,7,14,89,113,24,24,7,54,88,27,53,5,16,4,14167.86647,15005.85667
4/1/18,4,2,47,87,14,29,5,38,71,19,30,11,8,3,14250.4908,15053.26167
5/1/18,13,9,33,118,14,14,5,54,99,33,46,13,9,8,14647.247,15199.355
6/1/18,9,2,122,91,18,16,1,20,75,17,28,2,5,8,15248.956,17174.12
7/1/18,7,6,36,79,6,9,4,38,63,28,34,8,6,5,15950.35827,17319.198
8/1/18,10,1,107,117,26,9,9,51,99,33,41,9,7,7,16279.48127,16651.47167
9/1/18,10,6,26,58,8,6,2,28,49,18,21,3,5,4,16322.01027,15265.90667
10/1/18,16,7,43,77,10,3,3,37,59,17,27,6,9,9,16224.98993,14714.25333
11/1/18,7,3,128,119,25,9,9,48,91,22,53,2,10,5,15815.4456,15126.39833
12/1/18,4,3,28,44,9,5,5,28,39,19,23,8,2,4,15010.9648,13296.794
13/1/18,15,10,149,121,35,15,7,66,112,46,73,14,15,6,14463.24687,13912.882
14/1/18,0,5,19,62,10,7,6,32,40,17,32,2,4,2,14310.0202,14499.77333
15/1/18,4,4,38,73,16,2,5,42,45,23,36,6,11,4,14137.75353,13852.92
16/1/18,6,6,9,57,14,7,4,28,63,24,37,6,6,5,13914.91307,14012.196
17/1/18,12,2,25,71,8,8,4,28,39,11,23,9,9,2,13491.75393,11180.99833
18/1/18,3,17,59,85,24,9,5,56,67,29,45,6,12,6,12932.56687,11116.94667
19/1/18,2,2,20,44,11,5,5,19,21,16,19,2,5,1,12301.69687,11345.42333
20/1/18,2,2,20,30,7,1,2,10,20,0,16,1,1,0,11815.60087,11422.44
21/1/18,3,2,96,67,7,4,4,23,48,24,49,0,8,1,11603.32033,12950.79333
22/1/18,8,2,121,80,18,10,6,31,64,20,30,1,6,3,11668.16627,11505.228
23/1/18,2,4,108,77,21,7,8,21,45,16,29,5,5,1,11553.6956,10544.59333
24/1/18,10,7,40,103,14,4,6,49,66,21,40,4,3,9,11529.22373,11223.064
25/1/18,11,10,405,180,26,11,17,74,137,53,119,9,9,10,11501.1874,11282.25833
26/1/18,2,7,75,40,12,6,20,13,29,14,19,1,3,4,11153.91673,11214.44
27/1/18,7,1,31,29,14,3,0,22,25,8,17,3,2,2,11046.83413,10969.815
28/1/18,9,5,29,70,12,9,2,32,63,12,35,6,7,6,11242.8708,11524.77667
29/1/18,4,3,12,42,18,2,10,40,43,11,16,1,4,6,11351.4,11765.71
30/1/18,6,2,30,67,16,4,5,31,48,28,30,2,7,7,11337.47933,11212.655
31/1/18,4,3,218,84,18,3,5,29,59,22,37,5,5,6,11131.40367,10184.06167
1/2/18,10,4,19,74,15,4,8,33,62,7,27,2,4,5,10962.44333,10125.01333
2/2/18,4,0,7,41,13,5,1,26,34,17,14,5,3,3,10474.13967,9083.258333
3/2/18,6,2,7,47,13,3,4,12,42,9,14,5,2,4,9901.378,8901.901667
4/2/18,3,2,3,46,10,15,1,21,35,19,17,6,2,6,9474.182667,9076.678333
5/2/18,9,5,19,79,17,22,7,27,65,24,22,9,7,11,9117.499999,8400.648333
6/2/18,9,10,23,85,39,12,5,25,68,19,39,6,9,6,8460.260667,6838.816667
7/2/18,6,4,18,30,13,5,6,11,29,12,19,3,4,1,8180.735667,7685.633333
8/2/18,4,5,48,66,17,17,2,43,76,12,43,6,13,7,8020.347,8099.958333
9/2/18,8,2,66,67,30,8,11,40,66,25,42,9,7,3,7853.118667,8240.536667
10/2/18,7,3,9,67,13,5,5,32,49,9,35,8,4,8,7880.092333,8535.516667
11/2/18,3,4,24,35,11,7,3,15,36,15,20,1,2,1,8176.304313,8319.876566
12/2/18,5,1,14,62,20,6,4,48,68,27,26,7,9,9,8307.868647,8343.455
13/2/18,5,2,47,55,12,2,3,18,44,14,24,5,3,2,8450.145647,8811.343333
14/2/18,6,1,12,53,13,4,2,31,61,17,41,5,5,7,8521.591813,8597.7675
15/2/18,17,7,192,139,18,5,10,44,122,39,96,5,13,7,8681.415146,9334.633333
16/2/18,3,3,87,48,19,0,3,20,36,10,38,3,8,2,9012.870633,9977.154
17/2/18,5,8,8,39,9,4,4,16,29,7,15,1,5,1,9369.611967,10127.16167
18/2/18,0,7,0,45,11,2,2,35,50,12,17,1,5,2,9775.741635,10841.99167
19/2/18,1,0,10,20,17,2,1,11,25,9,12,3,1,5,10156.8478,10503.29833
20/2/18,0,5,1,23,7,4,6,24,28,7,15,3,4,6,10512.11413,11110.965
21/2/18,3,2,29,50,17,2,2,18,45,12,27,3,2,4,10794.76167,11390.39167
22/2/18,7,2,43,58,11,13,1,27,45,12,29,3,7,14,10875.88767,10532.79167
23/2/18,6,3,9,37,6,2,1,22,45,8,23,3,15,4,10693.70367,9931.071667
24/2/18,5,2,0,40,6,3,3,33,32,9,15,6,8,3,10625.46734,10162.11667
25/2/18,3,2,51,48,10,4,4,13,34,15,19,5,4,2,10342.86554,9697.956
26/2/18,4,2,11,47,14,11,5,30,43,21,20,2,5,5,10004.10587,9696.593333
27/2/18,7,4,106,77,20,9,8,23,65,23,34,5,6,5,9967.2682,10348.60333
28/2/18,6,8,158,93,21,6,7,19,63,15,37,3,4,12,10133.83053,10763.88333
1/3/18,5,1,40,23,2,0,5,16,27,7,15,4,1,5,10175.4402,10370.165
2/3/18,3,3,70,50,13,8,8,26,56,15,30,9,3,6,10437.72533,11009.38167
3/3/18,5,1,35,35,7,5,3,16,34,7,26,3,7,1,10709.56967,11055.815
4/3/18,0,3,8,24,4,4,6,8,21,3,12,1,1,1,10905.23867,11326.94833
5/3/18,6,1,78,39,22,7,5,27,49,15,32,1,6,6,11038.49833,11430.18167
6/3/18,5,6,127,67,19,11,14,36,85,13,42,7,2,1,11283.57333,11595.54
7/3/18,4,6,58,86,18,6,6,33,39,10,32,7,8,3,11234.33667,10763.19833
8/3/18,4,6,16,30,12,2,7,19,24,2,7,0,5,3,11046.78527,10118.058
9/3/18,6,3,11,37,12,2,8,17,40,7,23,2,2,0,10667.21793,9429.111667
10/3/18,2,1,12,22,3,3,3,11,23,4,10,1,1,2,10199.03727,9089.278333
11/3/18,5,1,1,20,3,9,2,17,36,6,7,5,0,4,9629.129666,8746.002
12/3/18,3,2,21,35,17,6,5,22,37,9,19,4,12,1,9428.769333,9761.396667
13/3/18,6,6,17,41,20,2,8,28,45,11,13,5,3,3,9241.7264,9182.843333
14/3/18,8,8,94,82,23,10,5,27,65,33,50,4,7,4,9186.844067,9154.7
15/3/18,3,6,3,67,16,6,9,42,53,29,47,6,7,4,8999.294733,8151.531667
16/3/18,2,4,81,69,15,3,4,40,58,19,27,2,6,4,8921.718667,8358.121667
17/3/18,6,6,30,62,8,7,0,26,41,23,24,3,5,3,8675.519733,8530.402
18/3/18,18,9,167,162,15,6,8,51,109,36,63,8,7,9,8437.685996,7993.674644
19/3/18,3,0,55,46,10,5,9,28,53,12,22,2,3,3,8241.028996,8171.415
20/3/18,4,4,2,55,26,1,3,28,49,7,13,2,7,3,8293.129329,8412.033333
21/3/18,1,4,26,38,12,5,1,15,41,10,23,4,3,2,8418.894662,8986.948333
22/3/18,2,3,15,36,17,4,6,26,52,15,16,2,5,0,8502.364929,8947.753333
23/3/18,1,5,71,47,9,5,2,20,38,13,31,2,4,2,8641.711666,8690.408333
24/3/18,3,1,132,91,10,7,5,30,64,25,78,5,8,6,8744.794,8686.826667
25/3/18,0,4,96,68,7,8,1,19,60,26,52,2,3,5,8794.863,8662.378333
26/3/18,2,9,141,80,12,7,6,31,91,18,34,4,17,6,8720.932667,8617.296667
27/3/18,4,5,46,80,11,4,10,38,66,15,44,4,6,10,8570.891667,8197.548333
28/3/18,7,6,34,65,20,5,5,42,45,19,26,2,7,5,8408.049,7876.195
29/3/18,11,10,105,101,7,9,6,27,69,18,46,7,8,5,8262.759667,7960.38
30/3/18,8,8,68,70,10,8,4,35,47,18,37,3,4,3,7964.74,7172.28
31/3/18,11,6,166,120,9,6,8,37,71,15,59,15,7,5,7617.787,6882.531667
1/4/18,9,5,123,96,9,8,6,33,80,29,49,4,10,6,7365.373333,6935.48
2/4/18,8,5,122,71,24,10,4,30,53,24,34,8,13,4,7148.955333,6794.105
3/4/18,0,3,111,89,18,10,4,36,90,24,52,8,11,5,6964.049,7035.848333
4/4/18,4,2,19,26,13,3,2,17,32,11,16,3,4,3,7011.68,7410.435
5/4/18,4,4,2,41,10,7,4,36,38,15,23,0,6,3,6992.726,6787.761667
6/4/18,1,0,1,23,7,6,7,12,27,7,8,2,1,2,6970.932,6826.51
7/4/18,7,5,7,34,3,3,1,22,35,11,11,3,4,4,6932.886333,6603.876667
8/4/18,3,4,6,42,8,4,3,23,47,10,15,1,5,5,6911.254267,6927.688
9/4/18,2,2,5,19,14,8,5,14,24,8,5,4,1,0,6832.6986,7017.656667
10/4/18,3,5,46,49,11,4,7,24,45,14,21,1,5,7,6815.000933,6699.273333
11/4/18,4,0,3,47,4,1,3,27,32,15,21,4,5,6,6807.213267,6787.571667
12/4/18,4,4,5,36,13,3,1,16,40,13,11,3,4,2,6871.691267,6926.266667
13/4/18,3,0,29,62,12,4,0,19,47,15,28,8,5,3,7055.722667,7847.845
14/4/18,2,1,60,65,7,5,3,19,47,13,29,7,3,3,7231.273,7895.408333
15/4/18,5,4,131,70,25,5,6,32,54,21,37,4,8,5,7498.720544,8036.511051
16/4/18,4,3,68,49,10,7,5,32,41,11,26,2,6,9,7809.355877,8340.748333
17/4/18,2,4,95,61,14,8,8,21,49,22,43,1,5,5,8032.86321,8043.803333
18/4/18,1,5,72,58,9,2,7,21,41,12,32,6,5,0,8042.377595,7895.416926
19/4/18,4,5,35,52,10,6,8,27,31,14,16,4,5,0,8096.283414,8164.937426
20/4/18,6,1,1,17,6,2,1,13,14,5,15,2,5,1,8139.906204,8254.625
21/4/18,2,1,18,36,7,5,1,12,35,15,17,4,5,2,8242.300204,8852.718333
22/4/18,1,1,34,37,8,1,3,13,35,9,18,2,4,1,8394.980537,8807.205
23/4/18,2,1,7,20,9,1,2,14,29,12,9,2,2,1,8583.606818,8838.548333
24/4/18,3,5,53,73,10,10,7,36,52,14,32,3,3,3,8737.391667,8933.861667
25/4/18,3,3,66,44,11,7,4,26,48,15,34,11,3,2,8997.575067,9555.542
26/4/18,7,3,76,47,5,3,4,20,48,13,31,3,0,0,9026.132733,8995.506667
27/4/18,4,2,39,59,6,7,2,35,39,24,30,4,11,3,9116.3714,9258.398333
28/4/18,2,3,75,59,6,5,1,13,42,9,32,5,7,6,9150.725733,9010.32
29/4/18,7,1,67,45,14,6,3,14,40,18,19,3,2,8,9229.188067,9326.173333
30/4/18,2,3,6,28,16,0,2,19,23,10,12,3,6,1,9184.936,9334.281667
1/5/18,3,3,3,43,17,6,5,37,40,10,15,4,3,1,9237.748667,9259.57
2/5/18,4,2,119,91,20,7,5,46,73,33,46,8,6,4,9201.096333,9075.136667
3/5/18,3,4,1,31,12,4,6,20,41,10,15,1,3,0,9243.317533,9221.426
4/5/18,2,2,57,53,21,8,3,29,53,27,41,4,4,1,9305.936533,9639.268333
5/5/18,4,6,52,47,10,4,4,31,36,10,34,1,3,1,9381.2262,9710.73
6/5/18,7,2,98,92,21,1,7,36,63,23,48,2,9,0,9489.973533,9803.306667
7/5/18,4,2,37,67,17,5,6,20,45,21,29,7,5,5,9600.973455,9630.136277
8/5/18,6,8,26,87,24,12,7,52,106,28,41,5,6,6,9625.826255,9345.69
9/5/18,7,5,38,64,11,2,4,34,60,16,20,7,8,6,9543.694255,9228.608333
10/5/18,4,7,71,61,13,2,1,20,46,12,32,6,1,5,9465.956589,9322.041667
11/5/18,7,3,50,66,10,4,1,25,58,22,28,7,5,10,9325.591922,9101.483333
12/5/18,3,6,10,23,6,3,2,18,14,3,11,2,1,3,9093.322267,8468.788
13/5/18,11,3,33,75,12,2,4,33,45,10,25,3,9,3,8921.0536,8484.346667
14/5/18,8,8,384,186,50,8,15,38,127,56,93,4,6,5,8820.862267,8727.651667
15/5/18,7,5,54,74,21,7,4,30,32,15,35,4,3,3,8686.8616,8652.038333
16/5/18,6,5,12,34,9,5,7,23,46,20,12,3,2,2,8568.856533,8511.458
17/5/18,4,2,14,23,6,2,0,11,27,9,8,4,1,2,8543.2396,8340.703333
18/5/18,1,1,11,31,10,1,2,41,41,13,21,1,4,6,8467.593933,8106.118333
19/5/18,2,1,0,15,2,0,3,10,26,7,4,0,1,3,8370.0746,8240.055
20/5/18,4,2,59,41,5,6,3,19,46,9,19,1,0,5,8284.3246,8223.288333
21/5/18,1,0,18,27,11,2,1,10,40,7,17,1,1,1,8283.514333,8507.406667
22/5/18,5,2,3,41,14,11,1,41,50,8,28,4,8,4,8292.484904,8385.556187
23/5/18,1,6,7,64,17,6,4,23,59,24,35,11,6,2,8274.377237,8015.58
24/5/18,2,1,10,35,11,2,3,27,40,18,14,1,5,3,8137.514237,7555.74
25/5/18,3,1,45,43,16,3,3,24,50,21,38,0,4,5,8006.095237,7566.193333
26/5/18,9,5,35,57,10,3,0,28,54,17,27,2,3,2,7793.661571,7445.238333
27/5/18,2,6,5,31,9,4,5,28,55,12,14,1,6,3,7585.132,7342.908333
28/5/18,7,7,20,55,12,6,6,34,51,10,25,5,10,7,7454.382333,7361.831667
29/5/18,7,2,82,59,15,2,4,27,60,14,43,8,9,8,7369.342667,7130.541667
30/5/18,7,17,56,79,22,1,7,35,61,21,44,6,10,3,7348.079333,7459.876667
31/5/18,1,2,9,27,6,6,8,24,30,5,16,3,1,3,7336.110667,7385.395
1/6/18,1,4,45,51,8,8,4,36,44,19,34,6,3,7,7365.8158,7491.434
2/6/18,5,4,47,30,9,3,3,15,43,12,27,7,4,2,7400.4788,7535.146667
3/6/18,2,3,8,29,9,3,0,11,27,8,8,1,0,2,7503.3998,7645.146667
4/6/18,1,1,17,38,7,2,4,17,17,13,17,2,4,1,7551.401667,7699.886
5/6/18,1,6,45,46,17,1,1,22,42,14,23,1,1,2,7574.377333,7500.273333
6/6/18,1,2,14,65,23,4,3,24,31,16,14,5,6,0,7599.234962,7615.722142
7/6/18,0,2,3,26,2,0,0,9,21,4,6,3,1,2,7623.328295,7655.613333
8/6/18,3,1,5,52,7,7,10,25,52,18,24,1,3,4,7629.553295,7676.271667
9/6/18,2,2,8,34,6,1,3,19,28,6,11,3,5,2,7613.606762,7620.153333
10/6/18,8,5,35,66,11,6,3,21,60,14,29,4,4,5,7626.433762,7564.408333
11/6/18,3,5,40,81,11,10,6,25,69,14,31,3,3,2,7458.667,6776.888333
12/6/18,4,7,57,122,33,4,3,77,85,40,42,10,11,7,7302.68,6875.678333
13/6/18,2,5,12,82,17,7,4,80,78,29,34,6,12,2,7074.442,6535.081667
14/6/18,8,1,11,54,25,4,5,35,52,9,24,4,8,4,6813.551333,6315.7
15/6/18,5,1,2,54,11,8,14,39,48,33,23,5,12,6,6630.072333,6647.013333
16/6/18,0,3,5,33,8,1,1,16,39,6,14,14,1,2,6561.512267,6434.088
17/6/18,7,4,32,55,13,6,3,43,64,19,34,14,8,5,6488.261933,6509.426667
18/6/18,4,2,7,66,10,5,2,32,36,9,22,2,4,2,6474.127933,6464.411667
19/6/18,6,6,2,68,10,7,5,45,63,22,25,8,8,8,6553.685533,6713.488
20/6/18,2,6,16,49,6,3,7,25,41,11,16,10,3,1,6571.682867,6737
21/6/18,4,4,7,44,12,12,12,75,72,33,43,5,16,5,6627.808933,6714.718333
22/6/18,4,3,2,31,22,1,5,24,38,8,22,5,4,2,6672.703933,6733.901667
23/6/18,4,5,22,32,5,1,6,10,32,11,17,4,3,0,6646.336267,6332.573333
24/6/18,1,1,35,55,13,9,2,40,51,23,33,1,6,7,6531.959833,6141.605833
25/6/18,1,5,25,65,22,7,6,21,62,17,24,7,2,3,6391.9615,6037.008333
26/6/18,2,5,1,24,10,0,1,21,29,12,16,3,2,3,6291.307333,6211.4475
27/6/18,3,1,27,32,14,2,1,22,29,14,23,1,6,2,6188.246,6218.595
28/6/18,6,3,42,37,10,3,0,18,30,16,21,5,4,3,6142.790333,6105.295
29/6/18,11,1,42,59,10,2,5,18,47,24,25,2,5,4,6136.048397,6107.896154
30/6/18,3,6,5,30,10,3,2,27,35,13,16,3,9,14,6110.387231,5908.7025
1/7/18,2,6,6,28,7,2,2,10,31,11,14,2,5,3,6144.375897,6381.390833
2/7/18,4,6,1,34,4,3,7,26,23,5,17,2,4,1,6175.607731,6374.754167
3/7/18,5,0,6,24,17,6,5,24,34,16,10,4,8,4,6247.762564,6466.069167
4/7/18,4,6,3,24,13,3,5,25,31,12,21,3,4,1,6348.9205,6613.685833
5/7/18,0,6,4,24,15,1,4,21,21,10,14,4,3,1,6485.837833,6593.289167
6/7/18,6,10,6,29,17,6,4,23,31,12,20,7,5,2,6530.235,6603.376667
7/7/18,1,1,9,28,5,1,3,28,34,10,15,0,2,2,6569.183398,6569.496154
8/7/18,5,5,20,104,10,9,4,50,99,41,37,7,13,9,6594.825898,6594.281667
9/7/18,3,6,11,65,36,1,10,39,66,25,28,4,6,6,6622.800564,6753.559167
10/7/18,0,7,8,27,16,1,6,23,26,14,18,0,5,5,6648.917231,6723.8725
11/7/18,5,12,2,33,12,4,1,18,23,6,19,7,4,0,6630.400231,6510.791667
12/7/18,2,5,3,36,10,2,2,33,38,15,11,0,4,3,6591.973667,6377.363333
13/7/18,1,4,0,27,19,2,4,33,52,16,11,0,3,2,6519.836333,6233.595
14/7/18,3,1,4,18,12,2,4,23,26,8,14,5,1,3,6417.996,6244.3575
15/7/18,5,1,2,15,5,2,4,6,18,6,6,0,4,3,6321.4215,6241
16/7/18,3,2,1,35,9,5,9,17,42,18,9,4,2,4,6282.6395,6316.881667
17/7/18,2,1,3,45,14,1,2,26,29,16,24,5,8,1,6310.045,6514.390833
18/7/18,2,3,6,62,10,3,7,30,48,10,26,2,3,2,6437.308167,6869.910833
19/7/18,3,3,9,32,10,3,0,27,33,8,12,2,4,7,6668.169,7398.661667
20/7/18,7,8,68,84,15,2,3,35,58,22,39,8,6,1,6899.249333,7396.401667
21/7/18,6,3,2,38,6,3,2,16,23,13,8,2,6,3,7121.482,7428.045
22/7/18,2,7,6,78,15,4,1,32,71,18,24,2,9,3,7289.10291,7352.495385
23/7/18,3,3,9,23,14,1,1,14,13,11,16,3,1,3,7405.378577,7451.289167
24/7/18,17,6,2,53,19,5,2,52,77,22,39,3,8,16,7463.623077,7689.884167
25/7/18,6,7,2,15,20,5,2,17,18,3,10,4,5,3,7606.928744,8112.93
26/7/18,3,3,2,66,13,6,8,37,55,13,19,5,5,3,7771.552744,8251.165
27/7/18,3,5,2,33,11,7,0,9,25,8,18,2,2,0,7938.5185,8187.324167
28/7/18,2,3,71,59,16,3,15,36,57,13,26,1,5,3,8053.312167,8025.2575
29/7/18,2,1,5,20,5,2,1,20,21,6,21,1,4,1,8151.785667,8182.251667
30/7/18,1,3,9,23,8,3,6,25,33,9,18,1,3,3,8170.468,8206.341667
31/7/18,3,2,4,49,21,7,3,38,49,21,21,4,5,5,8148.864667,8143.148333
1/8/18,2,8,5,37,5,2,2,27,33,9,12,4,8,4,8094.76,7916.800833
2/8/18,2,0,1,32,16,4,2,13,34,10,10,4,0,3,8003.882333,7570.869167
3/8/18,5,3,3,43,7,3,4,17,40,16,25,1,1,6,7886.061833,7593.149167
4/8/18,5,3,3,36,6,4,3,13,27,11,17,3,1,4,7723.693333,7394.499167
5/8/18,0,0,2,11,1,3,2,12,17,10,15,1,2,3,7544.6175,7247.769167
6/8/18,3,2,14,27,7,2,1,20,21,9,14,3,4,0,7361.001,6998.718333
7/8/18,3,4,72,74,15,6,4,21,52,18,30,2,4,1,7244.443,6988.079167
8/8/18,2,3,3,61,22,5,3,27,38,11,19,7,1,3,7124.515833,6993.513333
9/8/18,7,1,0,28,9,3,4,22,31,18,17,2,2,1,6935.689385,6450.366923
10/8/18,7,5,9,114,18,11,7,85,103,54,56,6,16,8,6765.490051,6396.7725
11/8/18,6,5,4,72,5,6,9,41,48,24,28,3,1,7,6645.045318,6396.494667
12/8/18,2,3,6,80,7,1,4,40,55,25,26,5,3,4,6486.560151,6195.653333
13/8/18,10,15,8,96,8,7,11,85,86,45,37,5,14,4,6350.083818,6311.131667
14/8/18,6,6,3,60,6,5,9,27,50,15,20,1,5,6,6329.424433,6347.07
15/8/18,7,6,40,86,15,9,5,34,60,15,31,7,5,5,6260.258433,6050.9425
16/8/18,5,7,26,78,12,5,7,34,71,22,43,6,3,4,6253.494885,6362.676923
17/8/18,4,1,18,69,13,9,10,32,57,21,28,4,11,11,6282.890064,6342.629231
18/8/18,6,6,4,48,14,7,16,21,34,19,23,5,3,7,6316.043731,6476.9
19/8/18,4,3,12,45,26,2,2,20,38,15,14,2,7,1,6333.973897,6436.720833
20/8/18,11,6,74,54,21,3,6,36,63,17,32,4,4,2,6404.598064,6404.063333
21/8/18,1,3,4,41,9,5,0,25,38,19,22,5,2,3,6418.974513,6434.559167
22/8/18,4,6,27,54,14,4,4,17,39,17,23,3,6,2,6430.697897,6401.246154
23/8/18,7,8,72,62,14,6,4,51,53,19,44,7,7,5,6450.363731,6575.229167
24/8/18,7,6,5,37,20,2,6,29,41,13,16,3,6,1,6449.995898,6434.881667
25/8/18,6,4,15,67,7,3,3,69,47,38,34,10,8,9,6477.912374,6543.645714
26/8/18,4,7,20,47,11,6,10,36,51,30,27,3,6,5,6534.886387,6719.429231
27/8/18,1,12,10,71,11,4,4,43,64,19,25,5,7,9,6589.291989,6673.274167
28/8/18,6,10,6,72,24,5,10,44,58,15,23,6,7,4,6618.099387,6719.266154
29/8/18,5,12,5,36,15,3,7,28,49,21,17,4,7,10,6731.131053,7000.04
30/8/18,2,7,21,74,12,3,3,48,67,21,34,2,5,8,6833.257196,7054.276429
31/8/18,9,17,43,92,20,13,11,58,88,34,51,9,13,9,6875.90385,6932.6625
1/9/18,5,4,28,72,5,5,6,33,65,22,16,4,6,1,6937.638247,6981.946154
2/9/18,14,2,72,56,11,11,8,28,59,15,23,2,5,4,7013.97435,7100.946667
3/9/18,12,14,8,211,12,12,10,79,143,61,61,10,14,12,7063.553427,7247.935385
4/9/18,4,10,11,77,18,6,5,43,67,21,23,7,4,4,7104.887987,7260.949231
5/9/18,6,7,36,105,30,12,12,64,84,31,39,15,12,12,7183.725987,7326.8525
6/9/18,9,4,50,102,9,10,5,33,76,52,35,9,6,10,7209.950603,7113.069231
7/9/18,2,6,41,86,12,6,5,48,54,44,45,5,7,4,7076.415603,6433.271667
8/9/18,10,6,25,49,21,5,10,39,64,32,43,5,11,6,6915.789359,6444.804167
9/9/18,12,9,4,157,10,13,9,65,114,39,45,10,13,7,6736.821013,6366.1075
10/9/18,4,3,2,69,12,5,7,49,50,15,25,5,2,6,6528.73568,6286.425833
11/9/18,6,10,45,66,25,14,13,40,93,46,34,14,4,5,6365.697372,6297.877692
12/9/18,6,6,2,105,19,6,7,73,117,41,36,13,14,2,6338.307205,6296.320833
13/9/18,4,4,2,37,18,7,3,24,33,14,20,2,5,3,6303.973872,6273.1375
14/9/18,4,6,78,49,9,3,8,20,50,11,37,9,6,5,6320.788218,6450.179231
15/9/18,6,6,11,92,20,6,7,53,81,20,52,4,6,8,6363.315551,6499.0625
16/9/18,6,7,5,49,14,5,2,47,59,25,36,2,5,7,6407.471013,6518.655
17/9/18,3,3,5,68,17,7,4,27,49,13,28,5,8,5,6444.33568,6480.644167
18/9/18,2,14,31,112,22,12,5,81,105,46,39,7,11,7,6469.828346,6400.600833
19/9/18,5,10,2,73,63,11,2,64,81,32,20,5,5,10,6439.118833,6296.631667
20/9/18,7,3,1,48,11,5,4,20,39,10,17,3,6,2,6406.471667,6335.826667
21/9/18,6,11,3,70,13,15,3,30,75,25,22,8,9,8,6386.4532,6418.562667
22/9/18,3,3,1,36,6,1,4,21,43,17,20,4,3,3,6424.322533,6669.990833
23/9/18,2,2,1,24,4,3,1,16,25,6,16,2,1,1,6486.064867,6709.3125
24/9/18,4,2,2,23,4,5,0,10,28,7,6,1,7,0,6568.827533,6710.445
25/9/18,6,9,2,59,20,8,4,40,64,25,34,9,14,6,6629.523033,6639.304167
26/9/18,5,7,8,106,27,5,4,58,78,29,59,11,9,5,6628.302333,6412.459167
27/9/18,3,8,2,69,26,18,3,44,50,27,29,7,5,8,6588.0305,6468.631667
28/9/18,0,7,11,46,12,6,2,17,36,9,20,2,6,2,6553.263334,6535.476667
29/9/18,1,8,2,37,11,3,3,22,42,18,16,2,3,6,6546.642834,6677.3425
30/9/18,3,4,4,69,8,12,5,64,66,26,39,6,14,6,6528.876834,6550.474167
1/10/18,4,1,0,22,13,2,0,14,23,17,12,1,4,2,6565.012,6593.135
2/10/18,2,7,2,39,12,7,5,28,27,23,20,4,12,5,6589.479333,6590.968333
3/10/18,3,8,5,46,9,8,2,31,38,18,25,4,5,3,6594.912333,6562.641667
4/10/18,12,2,4,39,6,2,2,17,25,11,12,2,5,2,6553.524333,6470.4025
5/10/18,6,6,3,46,32,0,4,35,54,21,26,3,7,2,6556.155167,6563.628333
6/10/18,3,5,8,29,6,3,2,26,32,6,15,0,3,4,6551.238,6568.549167
7/10/18,0,5,0,37,6,4,2,25,37,11,27,5,3,5,6549.341667,6581.486667
8/10/18,5,7,27,98,8,11,5,38,87,31,51,8,9,9,6548.520833,6558.5375
9/10/18,5,1,1,30,7,3,1,10,18,13,10,1,0,1,6578.153872,6618.567692
10/10/18,9,8,6,65,23,2,3,18,47,19,15,2,5,8,6589.770539,6621.711667
11/10/18,4,8,1,50,9,5,7,39,70,14,26,7,4,6,6588.662539,6563.009167
12/10/18,5,6,1,20,3,1,7,20,35,10,5,5,4,3,6522.092372,6248.635833
13/10/18,5,3,1,22,7,6,3,23,26,4,19,0,2,1,6462.491038,6260.530833
14/10/18,4,0,0,30,3,4,2,12,29,10,10,3,2,3,6390.906667,6260.645833
15/10/18,6,5,1,44,10,4,5,24,48,13,21,5,6,3,6326.444167,6299.399167
16/10/18,4,2,10,33,16,9,5,26,35,11,17,3,0,4,6304.356667,6452.571667
17/10/18,2,6,1,49,7,5,5,28,40,21,25,5,4,2,6373.953167,6596.618333
18/10/18,2,1,0,39,7,2,2,23,38,14,15,4,8,4,6441.102231,6596.276154
19/10/18,4,9,2,52,7,1,5,35,41,21,27,1,6,4,6502.581218,6568.040769
20/10/18,2,3,1,28,3,2,1,19,27,6,14,5,2,1,6540.190218,6487.444167
21/10/18,3,1,1,52,4,2,1,17,29,15,17,2,0,3,6547.441051,6488.825833
22/10/18,4,2,1,31,12,2,3,16,34,10,8,6,4,10,6534.437718,6531.601667
23/10/18,2,0,1,20,8,4,6,17,53,20,19,0,7,3,6514.879654,6498.485833
24/10/18,1,3,1,41,8,1,7,29,42,10,18,1,5,2,6497.5567,6481.426
25/10/18,3,4,5,48,19,5,3,49,43,15,21,2,4,8,6501.729867,6508.31
26/10/18,8,6,7,52,13,5,6,48,56,19,22,4,7,2,6499.5812,6478.0825
27/10/18,3,10,4,37,2,5,1,24,25,12,11,5,2,4,6488.011533,6473.753333
28/10/18,1,5,1,50,5,6,12,41,53,14,16,1,3,8,6481.497867,6465.9175
29/10/18,6,4,3,56,10,7,3,31,48,14,18,5,5,7,6474.857,6448.221667
30/10/18,5,7,6,38,8,6,4,13,43,4,18,1,8,2,6449.728667,6382.668333
31/10/18,2,3,2,19,16,5,3,28,31,12,15,4,4,2,6416.002738,6309.452857
1/11/18,2,6,2,57,10,4,3,27,47,12,19,3,3,6,6383.308905,6310.284167
2/11/18,5,5,22,59,16,2,6,36,46,13,20,6,6,5,6358.581571,6342.280833
3/11/18,8,9,12,87,12,9,7,76,77,30,21,4,11,7,6346.472071,6387.674167
4/11/18,8,8,8,53,15,6,8,46,55,21,31,12,8,8,6342.697571,6363.795833
5/11/18,5,7,8,56,16,2,2,36,51,13,26,15,4,7,6359.181667,6391.873333
6/11/18,5,5,7,84,28,4,2,52,53,35,28,2,9,5,6384.517833,6436.965
7/11/18,6,9,4,63,13,1,3,35,54,22,34,0,4,5,6405.1325,6445.354167
8/11/18,5,5,12,66,10,6,2,37,57,19,21,2,9,8,6435.355667,6538.79
9/11/18,4,3,2,42,7,5,1,23,28,10,13,5,5,2,6459.846833,6486.251667
10/11/18,3,6,9,52,5,2,5,18,44,15,16,1,2,2,6463.728333,6411.280833
11/11/18,5,3,2,52,8,5,9,28,47,13,16,4,3,2,6456.142,6399.033333
12/11/18,2,10,5,61,4,6,3,46,41,18,27,2,4,8,6442.724833,6378.268333
13/11/18,5,5,5,52,20,10,5,27,47,16,12,1,4,2,6415.354167,6401.936667
14/11/18,11,6,11,75,18,8,2,37,45,15,30,4,10,7,6392.5165,6372.063333
15/11/18,5,2,3,79,10,7,7,38,59,10,31,2,2,7,6345.491333,6176.155
16/11/18,2,8,6,64,7,10,2,26,56,9,28,2,4,6,6188.720667,5615.18
17/11/18,4,6,16,43,6,12,3,24,39,16,26,3,0,5,6032.3055,5596.1925
18/11/18,2,5,5,48,9,7,2,30,46,12,27,3,1,4,5863.566833,5558.243333
19/11/18,3,14,9,93,14,9,7,59,78,45,28,15,11,7,5710.363,5606.044167
20/11/18,4,13,8,79,29,7,10,34,84,24,24,21,9,3,5535.9205,5303.9425
21/11/18,6,2,3,75,20,9,1,41,52,11,29,5,3,2,5347.2785,4671.97
22/11/18,8,7,3,76,11,6,5,52,69,27,36,4,10,5,5134.776167,4533.680833
23/11/18,1,1,1,19,17,2,2,7,9,5,6,0,1,0,4932.887,4548.7975
24/11/18,4,0,1,24,4,1,0,8,18,6,3,0,0,1,4673.545667,4309.3375
25/11/18,2,2,3,36,1,2,2,7,14,3,8,0,1,2,4471.525333,4293.840833
26/11/18,2,0,7,34,10,0,2,5,20,5,11,2,3,0,4301.833667,3823.511667
27/11/18,2,3,2,31,19,6,14,22,27,9,13,1,5,4,4179.204833,3920.536667
28/11/18,4,2,5,37,8,1,5,22,40,11,14,2,7,2,4019.779,3751.668333
29/11/18,1,1,1,33,7,1,6,19,31,15,21,2,3,0,3978.602269,4103.453846
30/11/18,6,2,3,27,15,4,7,13,25,7,8,1,1,2,3972.590769,4263.783333
1/12/18,4,2,3,18,4,2,0,20,33,3,8,2,2,4,4029.262769,4106.871667
2/12/18,2,2,1,24,9,4,5,11,41,6,16,7,3,4,4068.510936,4116.7775
3/12/18,4,8,3,23,17,3,3,13,24,3,8,3,7,4,4151.686603,4167.546667
4/12/18,1,4,0,16,8,3,0,7,16,13,12,1,6,1,4124.500667,3967.524167
5/12/18,6,5,4,56,13,5,13,39,39,16,18,2,5,4,4064.042667,3961.493333
6/12/18,5,5,5,46,5,2,3,37,22,10,18,3,6,7,4014.338167,3858.349167
7/12/18,1,5,19,45,9,2,3,15,35,3,18,4,0,3,3939.571333,3742.943333
8/12/18,0,1,1,30,5,7,1,26,29,4,14,4,3,4,3787.190667,3405.643333
9/12/18,5,3,0,30,1,2,1,19,30,9,15,2,3,3,3680.753833,3435.34
10/12/18,3,1,0,33,11,0,3,23,26,5,18,4,4,2,3594.215833,3528.803333
11/12/18,4,4,3,46,12,2,3,24,45,8,20,1,3,4,3527.338,3523.96
12/12/18,2,11,11,41,2,10,4,16,36,8,18,5,4,3,3463.987333,3426.19
13/12/18,2,8,4,65,15,4,1,37,52,15,20,3,5,6,3475.266667,3462.04
14/12/18,6,4,7,56,9,5,14,26,44,21,34,1,5,3,3469.551167,3406.7625
15/12/18,2,2,2,25,5,3,2,13,24,5,9,3,4,2,3419.465333,3278.374167
16/12/18,1,2,4,26,4,2,7,16,30,8,24,4,2,3,3359.733167,3225.299167
17/12/18,3,8,7,64,13,7,4,63,90,21,30,15,5,13,3328.742833,3271.238333
18/12/18,6,6,2,95,21,15,3,35,78,30,39,4,16,5,3314.815833,3392.405
19/12/18,3,5,2,46,7,3,2,27,45,20,12,8,12,3,3346.957333,3567.47
20/12/18,5,1,1,44,7,1,7,21,34,12,13,1,0,2,3452.891,3808.0425
21/12/18,3,5,13,66,13,2,3,23,45,15,22,5,6,6,3604.401333,3982.850833
22/12/18,2,3,4,54,12,6,3,33,52,12,20,5,5,2,3753.2755,4015.609167
23/12/18,4,1,6,43,8,2,4,32,36,14,18,5,6,5,3856.989167,3910.973333
24/12/18,1,2,24,47,5,1,3,24,32,12,24,1,5,2,3948.990833,4027.478333
25/12/18,5,1,2,59,12,7,3,40,52,34,20,14,5,5,4023.1005,4178.590833
26/12/18,1,2,5,29,1,2,2,18,34,8,22,3,5,2,3989.306333,3813.88
27/12/18,9,4,8,116,14,14,17,61,74,29,42,8,11,25,3951.260333,3825.379167
28/12/18,7,8,2,114,21,8,8,84,117,35,51,4,14,10,3918.6335,3747.839167
29/12/18,4,2,5,33,15,4,3,36,44,15,9,5,4,6,3861.918833,3743.905
30/12/18,2,4,0,28,5,3,0,16,30,9,15,1,2,1,3808.657833,3912.285833
31/12/18,0,6,3,23,6,8,2,27,30,5,9,1,2,2,3812.466167,3832.921667
1/1/19,0,2,0,20,8,1,1,12,11,2,7,0,2,0,3805.6995,3791.545833
2/1/19,4,3,0,39,12,5,2,42,40,15,26,6,4,5,3806.586,3752.271667
3/1/19,1,1,2,24,7,2,3,22,24,5,14,1,1,1,3831.232667,3867.138333
4/1/19,1,1,11,25,8,4,1,17,33,9,11,1,6,2,3821.935,3865.7975
5/1/19,0,1,0,31,9,3,4,20,44,16,19,1,5,2,3819.876,3822.626667
6/1/19,1,2,0,31,2,1,4,9,29,6,13,1,0,1,3835.264333,3868.4875
7/1/19,6,2,7,45,5,4,3,36,59,14,19,0,20,3,3868.901333,3920.456667
8/1/19,4,5,1,39,4,2,1,26,24,6,5,2,2,5,3902.692333,4036.093333
9/1/19,0,1,0,10,4,0,1,4,10,1,6,2,1,0,3936.703833,4035.855
10/1/19,3,0,1,28,17,0,0,11,23,14,12,2,1,0,3979.006167,4034.138333
11/1/19,3,3,0,48,9,9,5,28,48,23,20,4,5,4,3967.825833,3812.585833
12/1/19,7,4,1,69,3,4,16,40,61,21,33,1,5,6,3915.081666,3656.735833
13/1/19,1,0,0,21,2,4,1,21,23,5,9,2,1,1,3837.132166,3646.345833
14/1/19,2,3,1,17,13,3,1,10,25,5,8,0,2,1,3749.9295,3599.841667
15/1/19,1,3,0,18,2,0,2,10,18,9,7,3,4,7,3663.925333,3604.1175
16/1/19,0,3,2,14,12,2,2,12,22,4,8,3,5,0,3632.765167,3656.785
17/1/19,3,1,0,19,4,3,1,8,13,5,6,1,2,2,3625.672167,3621.270833
18/1/19,4,5,3,55,13,1,4,13,48,16,24,1,4,4,3620.395833,3619.964167
19/1/19,4,3,8,39,4,1,4,29,39,11,18,3,1,1,3626.9065,3632.395
20/1/19,1,1,9,13,5,3,2,11,26,7,9,1,3,1,3644.187667,3690.523333
21/1/19,2,3,7,25,9,3,1,28,28,8,28,2,2,4,3636.856167,3620.1275